activity_id,name,type,date,distance_miles,moving_time_min,elapsed_time_min,elevation_gain_ft,avg_pace,avg_pace_sec,max_pace,max_pace_sec,avg_hr,max_hr,%_easy,mt_min_easy,mt_min_hard,race,race_distance,hr_zone_1_sec,hr_zone_2_sec,hr_zone_3_sec,hr_zone_4_sec,hr_zone_5_sec,hr_done
19676777672,Morning Run,Run,2026-08-10T05:29:09Z,3.66,00:42:59,00:43:25,452.76,11:44,704.0,07:58,478.0,128.4,143.0,97.5,42.3,1.1,False,,167.0,2400.0,0.0,0.0,0.0,True
19646246537,VALLE DEL GUADALFEO night trail race,Run,2026-08-07T19:13:53Z,7.52,01:17:20,01:17:28,728.35,10:18,618.0,05:56,356.0,156.6,169.0,6.1,4.7,72.8,True,,31.0,364.0,1417.0,2828.0,0.0,True
19607941051,Morning Run,Run,2026-08-05T05:49:58Z,3.66,00:39:07,00:39:40,465.88,10:41,641.0,07:29,449.0,131.2,143.0,95.3,37.8,1.9,False,,65.0,2282.0,0.0,0.0,0.0,True
19578441227,Morning Run,Run,2026-08-03T05:39:00Z,3.67,00:35:18,00:35:20,111.55,09:36,576.0,06:50,410.0,133.4,143.0,94.4,33.4,2.0,False,,170.0,1933.0,0.0,0.0,0.0,True
19538454642,Morning Run,Run,2026-07-31T05:02:28Z,8.0,01:31:29,01:32:07,1122.05,11:25,685.0,07:08,428.0,134.2,149.0,76.0,70.0,22.1,False,,76.0,4770.0,643.0,0.0,0.0,True
19510083850,Morning Run,Run,2026-07-29T04:59:48Z,4.0,00:44:45,00:45:50,508.53,11:11,671.0,07:08,428.0,132.1,166.0,80.9,37.1,8.7,False,,64.0,2236.0,312.0,73.0,0.0,True
19481333708,Morning Run,Run,2026-07-27T06:09:28Z,3.0,0:32:18,0:32:52,184.38,10:46,646.0,5:51,351.0,129.8,160.0,84.4,27.8,5.1,False,,377.0,1255.0,237.0,55.0,0.0,True
19454465448,Gloriously cool day,Run,2026-07-25T05:57:17Z,8.01,1:30:09,1:32:13,1013.12,11:15,675.0,5:55,355.0,133.6,161.0,75.3,69.4,22.8,False,,206.0,4072.0,1043.0,30.0,0.0,True
19427701202,Rolling 800s,Run,2026-07-23T06:06:12Z,4.09,0:39:02,0:40:46,115.81,9:33,573.0,5:35,335.0,140.4,163.0,54.1,22.0,18.7,False,,205.0,1006.0,921.0,183.0,0.0,True
19398269391,Tough one,Run,2026-07-21T05:23:50Z,4.07,0:44:42,0:48:23,327.43,10:59,659.0,5:42,342.0,128.7,145.0,95.8,46.3,2.0,False,,397.0,2193.0,43.0,0.0,0.0,True
19345762297,Morning Run,Run,2026-07-17T04:53:52Z,7.34,1:23:49,1:25:02,1008.86,11:24,684.0,6:25,385.0,141.0,156.0,55.7,47.3,37.7,False,,30.0,3011.0,1948.0,0.0,0.0,True
19224898106,Car drop off/ getting lost,Run,2026-07-08T06:33:06Z,4.0,0:42:15,0:50:18,231.63,10:33,633.0,6:31,391.0,135.1,147.0,87.0,43.8,6.5,False,,63.0,2127.0,270.0,0.0,0.0,True
19205516178,Drop Set,Run,2026-07-06T19:02:55Z,3.78,0:36:32,0:36:35,39.7,9:39,579.0,5:02,302.0,141.6,166.0,46.3,17.0,19.6,False,,117.0,967.0,770.0,338.0,0.0,True
19159480317,First 1000ft run!,Run,2026-07-03T05:13:48Z,7.75,1:27:50,1:29:25,1054.79,11:19,679.0,6:12,372.0,150.3,166.0,24.1,21.6,67.8,False,,0.0,1457.0,2651.0,1130.0,0.0,True
19141934234,Evening Run,Run,2026-07-01T18:57:22Z,3.66,0:39:51,0:40:16,435.04,10:52,652.0,5:50,350.0,142.4,155.0,38.2,15.4,24.9,False,,0.0,928.0,1460.0,0.0,0.0,True
19114082388,Been awhile since I’ve done a speed workout,Run,2026-06-29T18:01:39Z,3.34,0:29:38,0:34:05,51.18,8:52,532.0,6:16,376.0,150.6,168.0,37.4,12.7,21.3,False,,0.0,510.0,490.0,771.0,0.0,True
19081737215,Morning Run,Run,2026-06-27T05:42:27Z,8.68,1:35:58,1:37:32,884.19,11:03,663.0,6:09,369.0,140.0,159.0,67.0,65.3,32.2,False,,11.0,4060.0,1627.0,20.0,0.0,True
19045109672,Morning Run,Run,2026-06-24T05:32:17Z,3.66,0:39:18,0:40:19,435.7,10:43,643.0,5:49,349.0,133.9,150.0,85.7,34.5,5.8,False,,0.0,2120.0,223.0,0.0,0.0,True
18992385210,Morning Run,Run,2026-06-20T05:34:37Z,7.0,1:16:06,1:21:45,616.8,10:51,651.0,6:11,371.0,136.5,151.0,88.8,72.6,9.2,False,,0.0,4111.0,430.0,0.0,0.0,True
18938766682,Run brought to you by shit air quality,Run,2026-06-16T05:27:09Z,3.67,0:39:33,0:39:54,435.7,10:46,646.0,5:59,359.0,139.9,158.0,66.5,26.6,13.4,False,,0.0,1742.0,627.0,0.0,0.0,True
18920580253,Evening Run,Run,2026-06-14T16:01:29Z,6.91,1:17:01,1:17:01,649.28,11:09,669.0,6:21,381.0,140.1,159.0,69.3,53.4,23.6,False,,0.0,3309.0,1288.0,14.0,0.0,True
18906384798,Too hot,Run,2026-06-13T16:25:09Z,1.06,0:12:00,0:12:19,141.73,11:18,678.0,7:24,444.0,137.9,148.0,59.3,7.3,5.0,False,,0.0,438.0,278.0,0.0,0.0,True
18860783442,Morning Run,Run,2026-06-10T06:04:28Z,3.61,0:39:24,0:40:03,431.43,10:54,654.0,5:31,331.0,135.4,152.0,67.9,27.2,12.8,False,,0.0,1797.0,558.0,0.0,0.0,True
18818667676,Morning Run,Run,2026-06-07T05:53:27Z,3.67,0:41:51,0:41:51,436.35,11:24,684.0,5:49,349.0,131.4,152.0,85.5,35.8,6.1,False,,346.0,1826.0,330.0,0.0,0.0,True
18793136048,Morning Run,Run,2026-06-05T06:20:56Z,3.52,0:34:33,0:38:20,53.15,9:48,588.0,5:57,357.0,134.7,149.0,77.2,29.5,8.7,False,,107.0,1508.0,426.0,0.0,0.0,True
18757180636,Afternoon Run,Run,2026-06-02T15:03:34Z,3.0,0:29:53,0:29:53,10.5,9:57,597.0,4:54,294.0,152.7,160.0,24.7,7.4,22.5,False,,0.0,442.0,1335.0,16.0,0.0,True
18625613756,Evening Run,Run,2026-05-23T18:10:21Z,3.67,0:41:11,0:42:32,435.7,11:13,673.0,6:35,395.0,131.0,147.0,91.1,38.8,3.8,False,,121.0,2165.0,176.0,0.0,0.0,True
18564068721,Dog run,Run,2026-05-19T06:00:50Z,3.01,0:38:02,0:47:06,435.37,12:38,758.0,7:07,427.0,128.5,150.0,93.2,43.9,3.2,False,,241.0,1735.0,182.0,0.0,0.0,True
18502696185,3.75mi Easy Run,Run,2026-05-14T10:49:27Z,3.76,0:38:58,0:39:21,65.62,10:21,621.0,5:48,348.0,131.9,150.0,96.3,37.6,1.4,False,,165.0,2074.0,85.0,0.0,0.0,True
18479662202,When me time turns into chaotic family time,Run,2026-05-12T15:58:19Z,4.51,0:57:58,1:01:08,731.96,12:51,771.0,6:46,406.0,130.8,156.0,81.1,49.5,11.5,False,,235.0,2492.0,628.0,0.0,0.0,True
18424139320,6.2mi Long Run,Run,2026-05-08T10:21:40Z,6.21,1:13:58,1:18:07,665.03,11:54,714.0,5:56,356.0,130.7,150.0,93.0,72.6,5.4,False,,323.0,3781.0,254.0,0.0,0.0,True
18400661581,3.8mi Easy Run,Run,2026-05-06T15:01:27Z,4.24,0:49:25,0:50:26,519.69,11:39,699.0,5:28,328.0,130.2,154.0,94.1,46.7,2.9,False,,152.0,2660.0,141.0,0.0,0.0,True
18375116858,0.25mi Repeats,Run,2026-05-04T17:05:48Z,3.62,0:37:21,0:40:09,62.34,10:19,619.0,4:07,247.0,134.1,162.0,67.2,26.9,13.1,False,,225.0,1233.0,634.0,57.0,0.0,True
18307882711,Easy + Strides,Run,2026-04-29T15:33:45Z,3.0,0:32:08,0:37:00,64.63,10:41,641.0,4:35,275.0,123.3,156.0,86.1,31.8,5.1,False,,381.0,1226.0,280.0,0.0,0.0,True
18280968088,3.8mi Easy Run,Run,2026-04-27T16:16:09Z,3.8,0:38:46,0:46:13,195.21,10:11,611.0,5:07,307.0,132.1,151.0,71.7,33.0,13.0,False,,377.0,1262.0,665.0,0.0,0.0,True
18252514996,Afternoon Run,Run,2026-04-25T13:16:11Z,3.11,0:32:07,0:34:09,523.62,10:20,620.0,6:38,398.0,148.1,159.0,19.2,6.6,27.6,False,,13.0,306.0,1525.0,34.0,0.0,True
18185332269,Recovery shuffle,Run,2026-04-20T15:12:03Z,1.76,0:19:43,0:19:47,29.2,11:13,673.0,6:17,377.0,132.1,151.0,54.8,10.8,8.9,False,,296.0,351.0,536.0,0.0,0.0,True
18167412308,Nice half,Run,2026-04-19T06:12:43Z,13.12,1:58:35,1:58:35,106.96,9:02,542.0,5:33,333.0,154.1,170.0,13.1,15.6,103.0,True,Half,0.0,1232.0,3184.0,2699.0,0.0,True
18153086164,Shakeout,Run,2026-04-18T05:54:50Z,1.51,0:14:54,0:14:54,0.0,9:53,593.0,6:49,409.0,149.1,159.0,6.6,1.0,13.9,False,,0.0,296.0,551.0,47.0,0.0,True
18120002648,Afternoon Run,Run,2026-04-15T15:29:59Z,2.0,0:18:51,0:19:54,35.1,9:25,565.0,6:07,367.0,136.5,151.0,59.8,11.9,8.0,False,,0.0,719.0,403.0,0.0,0.0,True
18092858185,Test #2 - made nice and slow by Brisket’s river longings,Run,2026-04-13T15:22:56Z,3.3,0:34:12,0:39:26,61.68,10:22,622.0,5:46,346.0,142.3,155.0,56.7,22.4,17.1,False,,0.0,1130.0,881.0,0.0,0.0,True
18066477374,Testing it out,Run,2026-04-11T13:03:31Z,3.18,0:30:42,0:31:22,105.31,9:39,579.0,4:23,263.0,144.4,154.0,27.7,8.7,22.7,False,,0.0,604.0,1235.0,0.0,0.0,True
18003966996,Still not 100% but better!,Run,2026-04-06T17:54:12Z,5.0,0:50:29,0:55:59,132.22,10:05,605.0,5:35,335.0,137.9,160.0,90.3,50.5,5.4,False,,36.0,2707.0,234.0,26.0,0.0,True
17952217499,Still sick but wanted to get out,Run,2026-04-02T16:08:15Z,3.0,0:31:18,0:42:08,71.19,10:25,625.0,5:09,309.0,146.0,153.0,17.1,7.2,34.7,False,,0.0,561.0,1302.0,0.0,0.0,True
17878170894,Rough one,Run,2026-03-27T13:26:20Z,11.0,1:49:36,2:26:41,418.96,9:57,597.0,5:35,335.0,140.9,160.0,54.2,79.4,67.2,False,,312.0,2716.0,3321.0,46.0,0.0,True
17855826113,Over and Unders Miles,Run,2026-03-25T16:44:41Z,5.54,0:51:47,0:52:50,144.69,9:20,560.0,4:29,269.0,149.4,162.0,21.3,11.2,41.5,False,,0.0,714.0,1938.0,424.0,0.0,True
17828791194,Afternoon run,Run,2026-03-23T14:41:29Z,4.02,0:41:11,0:55:48,73.82,10:15,615.0,4:59,299.0,133.5,144.0,98.5,54.8,0.8,False,,112.0,2263.0,11.0,0.0,0.0,True
17790409312,Half Marathon Long Run,Run,2026-03-20T10:11:13Z,13.1,2:11:03,2:19:11,406.17,10:00,600.0,5:21,321.0,141.4,158.0,54.3,75.6,63.6,False,,39.0,4585.0,3097.0,0.0,0.0,True
17768888959,5mi Easy Run,Run,2026-03-18T16:14:09Z,5.01,0:47:08,0:49:37,96.13,9:25,565.0,5:27,327.0,142.6,151.0,43.7,21.6,27.9,False,,5.0,1269.0,1526.0,0.0,0.0,True
17744812563,Over and Unders 1km,Run,2026-03-16T17:17:57Z,5.06,0:43:26,0:46:17,74.8,8:35,515.0,4:49,289.0,148.4,164.0,27.9,12.9,33.2,False,,0.0,714.0,1685.0,197.0,0.0,True
17708003639,6.5mi Long Run,Run,2026-03-13T12:29:46Z,6.66,1:09:33,1:09:57,830.71,10:26,626.0,5:31,331.0,140.4,154.0,53.8,37.6,32.3,False,,8.0,2347.0,1798.0,0.0,0.0,True
17687273665,Wasn’t feeling it,Run,2026-03-11T16:48:58Z,1.69,0:17:51,0:25:57,202.1,10:32,632.0,6:12,372.0,132.0,144.0,95.6,20.5,0.9,False,,28.0,1023.0,5.0,0.0,0.0,True
17674608400,Broken Miles,Run,2026-03-10T16:18:34Z,4.21,0:39:31,0:45:27,60.04,9:23,563.0,4:11,251.0,143.4,163.0,38.6,17.5,27.8,False,,135.0,695.0,1427.0,50.0,0.0,True
17651148123,Afternoon Run,Run,2026-03-08T14:16:47Z,12.01,1:56:13,2:12:19,328.41,9:40,580.0,4:46,286.0,147.8,168.0,26.2,34.7,97.6,False,,295.0,1522.0,3434.0,1661.0,0.0,True
17626342219,4.5mi Easy Run,Run,2026-03-06T15:44:33Z,4.71,0:49:28,0:54:41,532.48,10:30,630.0,5:28,328.0,145.9,162.0,52.0,28.4,26.2,False,,49.0,1383.0,670.0,856.0,0.0,True
17614246367,Rolling 400s,Run,2026-03-05T14:43:12Z,4.99,0:46:44,0:53:17,87.27,9:21,561.0,4:53,293.0,147.3,165.0,34.2,18.1,34.7,False,,0.0,905.0,1466.0,375.0,0.0,True
17576809866,11mi Long Run,Run,2026-03-02T13:45:24Z,11.02,1:47:47,1:49:05,321.19,9:47,587.0,4:55,295.0,145.6,157.0,22.3,24.3,84.6,False,,41.0,1820.0,4522.0,0.0,0.0,True
17542752466,3.75mi Easy Run,Run,2026-02-27T15:22:19Z,4.05,0:41:53,0:44:14,506.23,10:20,620.0,5:48,348.0,141.7,156.0,45.0,19.6,23.9,False,,15.0,1109.0,1366.0,0.0,0.0,True
17516920650,Progression Run,Run,2026-02-25T11:08:22Z,5.07,0:45:41,0:54:46,100.39,9:00,540.0,5:05,305.0,153.1,167.0,18.4,10.0,44.6,False,,0.0,365.0,1165.0,1164.0,0.0,True
17485098146,First double digit run in 6 years!!,Run,2026-02-22T13:25:16Z,10.01,1:44:26,1:52:05,283.79,10:26,626.0,5:04,304.0,147.2,159.0,20.9,23.4,88.5,False,,0.0,1425.0,4739.0,19.0,0.0,True
17441342476,4.5mi Easy Run,Run,2026-02-18T16:35:22Z,4.51,0:43:49,0:44:22,156.17,9:43,583.0,5:11,311.0,144.4,159.0,26.6,11.8,32.4,False,,0.0,1114.0,1502.0,8.0,0.0,True
17385070100,6mi Long Run,Run,2026-02-13T14:32:06Z,6.01,0:58:24,1:00:03,149.28,9:43,583.0,5:25,325.0,143.5,150.0,38.5,23.0,36.8,False,,17.0,1579.0,1879.0,0.0,0.0,True
17364805036,3.25mi Easy Run,Run,2026-02-11T17:12:12Z,3.64,0:36:41,0:36:51,434.38,10:04,604.0,5:24,324.0,140.9,156.0,45.3,16.6,20.1,False,,0.0,1077.0,1103.0,0.0,0.0,True
17338833871,5km Time Trial,Run,2026-02-09T12:21:04Z,4.04,0:35:03,0:41:06,78.41,8:40,520.0,4:15,255.0,142.9,165.0,36.1,14.8,26.1,False,,211.0,448.0,1013.0,391.0,0.0,True
17316398213,9.5mi Long Run,Run,2026-02-07T10:49:27Z,9.51,1:34:07,1:36:23,266.08,9:54,594.0,5:46,346.0,143.7,158.0,38.1,36.7,59.6,False,,91.0,2400.0,3135.0,0.0,0.0,True
17296688088,3.75mi Easy Run,Run,2026-02-05T15:40:55Z,3.76,0:37:15,0:37:19,434.06,9:54,594.0,5:52,352.0,139.5,156.0,53.8,20.1,17.2,False,,0.0,1281.0,954.0,0.0,0.0,True
17271103639,Tempo 2 Miles,Run,2026-02-03T11:29:23Z,5.14,0:48:21,0:56:54,117.45,9:24,564.0,4:16,256.0,144.3,164.0,42.6,24.1,32.5,False,,146.0,824.0,1779.0,74.0,0.0,True
17226789269,Another tough one - but it’s done!,Run,2026-01-30T10:58:46Z,9.0,1:29:54,1:34:32,275.26,9:59,599.0,4:51,291.0,148.0,163.0,22.6,21.3,73.1,False,,24.0,1007.0,4158.0,78.0,0.0,True
17207029074,Really not feeling it today,Run,2026-01-28T15:36:43Z,4.56,0:48:47,0:50:07,179.79,10:42,642.0,5:57,357.0,140.5,154.0,56.6,28.3,21.7,False,,56.0,1672.0,1155.0,0.0,0.0,True
17183186726,1km Repeats,Run,2026-01-26T14:19:23Z,5.52,0:52:31,0:52:41,126.31,9:30,570.0,4:45,285.0,147.7,168.0,27.9,14.6,37.9,False,,55.0,1038.0,1277.0,721.0,0.0,True
17149846708,8.5mi Progressive Long Run,Run,2026-01-23T12:22:13Z,8.51,1:18:22,1:23:21,220.14,9:12,552.0,4:50,290.0,153.9,167.0,9.7,7.9,73.8,False,,0.0,438.0,2722.0,1500.0,0.0,True
17128254833,4mi Easy Run,Run,2026-01-21T14:31:37Z,4.05,0:42:20,0:43:21,529.2,10:27,627.0,5:46,346.0,143.2,158.0,45.4,19.6,23.5,False,,0.0,1278.0,1238.0,0.0,0.0,True
17103654020,Tempo 3 Miles,Run,2026-01-19T13:15:15Z,4.66,0:42:25,0:43:29,96.78,9:05,545.0,4:47,287.0,156.5,166.0,6.7,2.9,40.3,False,,0.0,207.0,740.0,1569.0,0.0,True
17070383822,First day going fully decaf - took me hours to figure out why I had a headache,Run,2026-01-16T14:04:01Z,5.72,0:55:38,0:55:45,144.69,9:43,583.0,5:45,345.0,141.1,161.0,68.0,37.9,17.8,False,,0.0,2511.0,790.0,37.0,0.0,True
17048141612,BrEasy Run - aka many pauses for Brisket,Run,2026-01-14T15:17:45Z,3.56,0:38:41,0:40:40,451.44,10:52,652.0,6:17,377.0,138.5,157.0,64.1,26.0,14.6,False,,44.0,1409.0,838.0,0.0,0.0,True
17034523126,Tempo 2 Miles,Run,2026-01-13T12:56:49Z,3.87,0:35:56,0:37:57,76.12,9:17,557.0,5:23,323.0,147.4,165.0,38.7,14.6,23.2,False,,37.0,932.0,532.0,619.0,0.0,True
16958619537,Tuesday Afternoon Run,Run,2026-01-06T16:33:12Z,4.1,0:41:13,0:43:01,77.43,10:02,602.0,4:33,273.0,136.0,164.0,91.3,39.1,3.8,False,,56.0,2226.0,120.0,26.0,0.0,True
16945879727,3.5mi Easy Run,Run,2026-01-05T14:39:03Z,3.5,0:37:04,0:39:13,453.08,10:35,635.0,5:29,329.0,137.6,156.0,60.2,23.5,15.5,False,,0.0,1349.0,832.0,0.0,0.0,True
16935506975,On Off 200s,Run,2026-01-04T14:07:09Z,3.84,0:37:52,0:40:04,63.32,9:52,592.0,4:41,281.0,154.2,173.0,19.0,7.6,32.3,False,,12.0,373.0,727.0,1135.0,3.0,True
16903617403,7.5mi Long Run,Run,2026-01-01T13:39:24Z,7.51,1:14:33,1:15:36,218.5,9:55,595.0,5:39,339.0,148.7,166.0,13.6,10.2,65.2,False,,19.0,736.0,3302.0,407.0,0.0,True
16864066838,Sunday Lunch Run,Run,2025-12-28T11:59:23Z,4.97,0:00:00,0:00:00,596.46,,,6:02,362.0,148.2,167.0,31.9,19.0,40.6,False,,89.0,821.0,1536.0,647.0,0.0,True
16844747768,Family run!,Run,2025-12-26T12:01:10Z,7.51,1:16:45,1:16:45,132.87,10:13,613.0,4:51,291.0,146.5,181.0,42.8,32.8,43.9,False,,0.0,2091.0,1319.0,1063.0,132.0,True
16830381347,Feeling the festivities,Run,2025-12-24T14:34:16Z,3.81,0:39:48,0:42:13,446.19,10:26,626.0,5:32,332.0,141.2,157.0,54.2,22.8,19.3,False,,31.0,1278.0,1058.0,0.0,0.0,True
16810959196,Steady into Tempo,Run,2025-12-22T13:03:39Z,4.07,0:38:02,0:38:45,104.0,9:20,560.0,5:35,335.0,150.3,162.0,16.4,6.4,32.3,False,,25.0,364.0,1479.0,372.0,0.0,True
16783457175,4.5mi Long Run,Run,2025-12-19T09:57:26Z,4.51,0:46:06,0:46:25,144.03,10:14,614.0,5:45,345.0,135.1,152.0,63.2,29.3,17.0,False,,598.0,1274.0,852.0,0.0,0.0,True
16765792284,2.75mi Easy Run,Run,2025-12-17T09:53:36Z,2.76,0:29:38,0:29:51,342.52,10:45,645.0,6:23,383.0,135.3,155.0,59.7,17.8,12.0,False,,46.0,1052.0,680.0,0.0,0.0,True
16757016099,Attempting to find a new “track”,Run,2025-12-16T11:04:10Z,3.64,0:38:48,0:45:02,155.84,10:39,639.0,4:27,267.0,141.2,170.0,56.2,25.2,19.6,False,,196.0,951.0,649.0,405.0,0.0,True
16756629992,Pre warmup warmup,Run,2025-12-16T10:50:00Z,1.01,0:11:27,0:13:12,12.8,11:22,682.0,5:56,356.0,106.0,129.0,100.0,13.1,0.0,False,,413.0,243.0,0.0,0.0,0.0,True
16722032037,Brought out the big guns,Run,2025-12-12T12:29:00Z,7.01,1:07:12,1:10:23,227.03,9:35,575.0,5:21,321.0,153.3,164.0,18.1,12.7,57.6,False,,22.0,599.0,2180.0,1205.0,0.0,True
16703000837,3.5mi Easy Run,Run,2025-12-10T11:52:15Z,3.51,0:36:38,0:36:45,459.97,10:26,626.0,5:09,309.0,138.5,157.0,60.5,22.2,14.5,False,,0.0,1368.0,830.0,0.0,0.0,True
16694867636,Rolling 400s,Run,2025-12-09T15:12:17Z,4.49,0:42:58,0:44:02,125.66,9:34,574.0,4:53,293.0,144.5,164.0,51.6,22.6,21.2,False,,0.0,1424.0,712.0,433.0,0.0,True
16658230716,6.5mi Progressive Long Run,Run,2025-12-05T15:04:07Z,6.51,1:01:30,1:01:57,185.7,9:26,566.0,5:11,311.0,152.5,166.0,10.3,6.4,55.3,False,,4.0,461.0,2408.0,819.0,0.0,True
16649103961,3.25mi Easy Run,Run,2025-12-04T15:34:00Z,3.26,0:35:46,0:36:02,87.6,10:57,657.0,5:33,333.0,150.7,162.0,11.6,4.2,31.7,False,,0.0,355.0,1531.0,253.0,0.0,True
16639607240,No spring chicken,Run,2025-12-03T15:19:42Z,3.5,0:35:50,0:36:31,82.68,10:13,613.0,5:52,352.0,152.8,167.0,16.0,5.8,30.6,False,,0.0,316.0,1279.0,554.0,0.0,True
16591565333,6.5mi Long Run,Run,2025-11-28T13:37:09Z,6.51,1:01:19,1:01:36,237.53,9:25,565.0,5:13,313.0,151.6,161.0,7.0,4.3,57.2,False,,0.0,337.0,3041.0,308.0,0.0,True
16563271737,Didn’t have it in me to do my tempo run,Run,2025-11-25T15:24:34Z,4.25,0:42:23,0:49:16,106.3,9:58,598.0,5:00,300.0,137.2,160.0,74.8,36.8,12.4,False,,188.0,1654.0,630.0,13.0,0.0,True
16535590200,7.5mi Long Run,Run,2025-11-22T15:41:27Z,7.51,1:09:23,1:09:23,195.21,9:13,553.0,4:55,295.0,152.1,167.0,5.3,3.7,65.7,False,,0.0,273.0,3574.0,316.0,0.0,True
16516782183,4.3mi Easy Run with Runna ✅,Run,2025-11-20T16:53:09Z,4.3,0:42:59,0:43:19,261.48,9:59,599.0,2:18,138.0,146.7,157.0,18.4,8.0,35.2,False,,0.0,491.0,2079.0,0.0,0.0,True
16506662873,Tempo 1200s with Runna ✅,Run,2025-11-19T16:09:09Z,5.71,0:51:39,0:52:44,191.27,9:02,542.0,4:23,263.0,150.9,168.0,16.3,8.6,44.0,False,,13.0,523.0,1773.0,776.0,0.0,True
16477356623,6.2mi Long Run with Runna ✅,Run,2025-11-16T15:05:59Z,6.2,0:57:15,0:57:57,154.2,9:13,553.0,5:10,310.0,151.1,163.0,17.0,9.7,47.6,False,,0.0,644.0,2270.0,513.0,0.0,True
16456625967,3.8mi Brick Run with Runna ✅,Run,2025-11-14T15:31:25Z,3.81,0:41:13,0:41:56,549.21,10:48,648.0,5:54,354.0,144.2,160.0,47.1,19.7,22.1,False,,0.0,1191.0,1107.0,138.0,0.0,True
16436561898,From illness to illness,Run,2025-11-12T15:02:41Z,5.6,0:53:34,0:56:45,124.67,9:33,573.0,4:59,299.0,154.0,171.0,6.7,3.8,52.5,False,,0.0,359.0,1798.0,1034.0,0.0,True
16385579227,3.1mi Easy Run,Run,2025-11-07T16:30:36Z,3.11,0:31:19,0:31:19,429.79,10:04,604.0,6:05,365.0,148.6,165.0,38.5,12.0,19.3,False,,0.0,760.0,725.0,394.0,0.0,True
16365054084,Drop Set,Run,2025-11-05T16:16:26Z,3.51,0:35:39,0:37:09,124.02,10:09,609.0,4:55,295.0,145.2,170.0,43.5,15.7,20.4,False,,82.0,825.0,472.0,707.0,0.0,True
16334134811,4.3mi Long Run,Run,2025-11-02T15:54:06Z,4.31,0:45:09,0:46:07,135.17,10:28,628.0,5:32,332.0,140.0,162.0,61.2,28.1,17.8,False,,55.0,1739.0,860.0,21.0,0.0,True
16261850238,6.2mi Long Run - birthday boy run 🐕!,Run,2025-10-26T11:44:49Z,6.21,1:00:37,1:00:58,189.96,9:45,585.0,5:31,331.0,149.7,165.0,26.6,16.1,44.6,False,,0.0,1043.0,1917.0,680.0,0.0,True
16223390488,Afternoon Run,Run,2025-10-22T15:24:03Z,4.81,0:45:15,0:47:53,124.02,9:24,564.0,5:10,310.0,152.1,166.0,9.6,4.6,43.3,False,,0.0,425.0,1449.0,835.0,0.0,True
16193773529,5.6mi Long Run,Run,2025-10-19T15:47:53Z,5.61,0:54:31,0:56:14,139.76,9:42,582.0,5:28,328.0,144.5,160.0,37.8,21.2,34.8,False,,28.0,1314.0,1826.0,52.0,0.0,True
16177759100,2.5mi Brick Run,Run,2025-10-18T09:06:38Z,2.51,0:26:05,0:32:40,100.07,10:23,623.0,5:05,305.0,137.2,153.0,71.4,20.2,8.1,False,,89.0,1062.0,386.0,0.0,0.0,True
16151367023,Rolling 300s,Run,2025-10-15T16:27:44Z,5.36,0:52:58,0:57:55,115.49,9:52,592.0,5:45,345.0,147.9,162.0,29.6,17.0,40.4,False,,115.0,820.0,1841.0,365.0,0.0,True
16150616327,Rolling 300s,Run,2025-10-15T16:21:48Z,0.33,0:05:35,0:05:35,0.0,16:43,1003.0,7:47,467.0,,,,,,False,,,,,,,True
16097760447,3.1mi Easy Run with Runna ✅,Run,2025-10-10T17:20:33Z,0.36,0:03:26,0:03:26,0.0,9:36,576.0,4:55,295.0,,,,,,False,,,,,,,True
16075510450,Shorter Intervals,Run,2025-10-08T14:17:20Z,4.72,0:49:51,0:49:51,16.08,10:33,633.0,4:32,272.0,148.6,171.0,33.9,17.0,33.0,False,,80.0,1038.0,896.0,897.0,0.0,True
16053663883,3.8mi Long Run with Runna ✅,Run,2025-10-06T16:09:55Z,4.09,0:42:55,0:42:55,23.29,10:28,628.0,6:27,387.0,137.1,160.0,67.5,29.0,13.9,False,,242.0,1460.0,649.0,90.0,0.0,True
15999277005,Am I doing it wrong?,Run,2025-10-01T14:29:49Z,3.67,0:37:23,0:37:23,7.87,10:11,611.0,6:56,416.0,,,,,,False,,,,,,,True
15968041834,Evening Run,Run,2025-09-28T16:44:12Z,3.01,0:27:15,0:27:15,7.55,9:03,543.0,7:09,429.0,160.0,171.0,3.1,0.9,26.7,False,,0.0,191.0,213.0,1228.0,0.0,True
15933793907,Back from Sitges,Run,2025-09-25T16:10:03Z,3.01,0:27:20,0:27:20,8.2,9:05,545.0,4:48,288.0,149.2,166.0,14.4,4.1,24.6,False,,157.0,88.0,574.0,810.0,0.0,True
15907364099,Windy,Run,2025-09-23T09:22:21Z,3.01,0:30:02,0:30:02,8.53,9:59,599.0,6:01,361.0,155.9,169.0,3.5,1.1,30.8,False,,4.0,65.0,886.0,849.0,0.0,True
15889205326,Afternoon Run,Run,2025-09-21T14:16:31Z,2.01,0:19:31,0:19:31,8.2,9:43,583.0,6:07,367.0,151.6,166.0,16.6,3.4,17.0,False,,0.0,258.0,627.0,288.0,0.0,True
15208105989,Morning Run,Run,2025-07-23T10:27:15Z,2.79,0:26:07,0:26:07,74.15,9:22,562.0,3:59,239.0,,,,,,False,,,,,,,True
15072306389,Afternoon Run,Run,2025-07-10T19:28:20Z,2.66,0:27:12,0:27:12,157.15,10:12,612.0,5:42,342.0,142.5,158.0,31.9,11.3,24.2,False,,73.0,643.0,875.0,0.0,0.0,True
14925900379,Stress & rage,Run,2025-06-26T20:09:40Z,2.54,0:23:28,0:23:28,130.25,9:15,555.0,4:58,298.0,156.3,171.0,10.1,2.9,25.4,False,,20.0,118.0,541.0,730.0,0.0,True
14888746137,Morning Run,Run,2025-06-23T09:47:04Z,2.5,0:26:15,0:26:15,131.89,10:29,629.0,6:33,393.0,136.7,157.0,59.2,23.0,15.8,False,,113.0,1048.0,386.0,0.0,0.0,True
14843280544,Humidité,Run,2025-06-18T20:24:18Z,3.01,0:29:52,0:29:52,165.68,9:55,595.0,5:32,332.0,150.8,170.0,20.2,7.2,28.7,False,,38.0,369.0,724.0,616.0,0.0,True
14767539155,Car pickup,Run,2025-06-11T16:06:24Z,3.01,0:28:47,0:28:47,147.31,9:34,574.0,5:35,335.0,151.4,172.0,19.5,6.4,26.6,False,,37.0,325.0,737.0,617.0,0.0,True
14748502753,Canadian wildfire air burns so good,Run,2025-06-09T19:56:23Z,2.55,0:25:09,0:25:09,157.81,9:52,592.0,5:43,343.0,139.7,162.0,46.3,14.4,16.7,False,,35.0,850.0,583.0,16.0,0.0,True
14736761779,Lunch Trail Run,Run,2025-06-08T16:28:16Z,2.67,0:29:32,0:29:32,224.41,11:03,663.0,5:46,346.0,142.8,163.0,38.4,15.9,25.5,False,,66.0,733.0,927.0,25.0,0.0,True
14698325602,Rough one,Run,2025-06-04T20:12:17Z,2.5,0:26:17,0:26:17,150.26,10:29,629.0,6:21,381.0,144.9,165.0,26.0,10.3,29.4,False,,103.0,411.0,854.0,154.0,0.0,True
14673765771,Lunch Run,Run,2025-06-02T15:38:26Z,3.0,0:30:21,0:30:21,182.41,10:06,606.0,5:25,325.0,150.4,175.0,17.7,6.6,30.6,False,,69.0,300.0,883.0,530.0,9.0,True
14633791733,Afternoon Run,Run,2025-05-29T17:17:38Z,3.01,0:30:40,0:30:40,180.12,10:11,611.0,5:57,357.0,153.6,173.0,20.5,7.8,30.4,False,,40.0,234.0,826.0,718.0,0.0,True
14426862610,Remember when I thought I might qualify for Boston? Cause I don’t.,Run,2025-05-09T15:25:54Z,2.51,0:24:40,0:24:40,157.15,9:50,590.0,4:52,292.0,142.7,166.0,39.2,14.7,22.7,False,,11.0,610.0,664.0,167.0,0.0,True
14398838653,Gone back to my old shoes,Run,2025-05-06T19:51:14Z,3.01,0:30:15,0:30:15,168.31,10:02,602.0,5:46,346.0,146.2,166.0,34.5,13.8,26.2,False,,37.0,673.0,993.0,92.0,0.0,True
14337318751,Afternoon Run,Run,2025-04-30T21:39:43Z,3.01,0:31:10,0:31:10,180.45,10:22,622.0,6:42,402.0,147.5,167.0,28.5,11.0,27.5,False,,15.0,628.0,884.0,317.0,0.0,True
14316388953,Baby test run,Run,2025-04-28T22:11:48Z,1.5,0:15:22,0:15:22,44.29,10:13,613.0,6:05,365.0,136.3,155.0,62.2,12.1,7.3,False,,135.0,430.0,349.0,0.0,0.0,True
14197906922,Hip hurting less? 🤞🏻,Run,2025-04-16T20:26:41Z,3.51,0:35:30,0:35:30,219.16,10:07,607.0,5:56,356.0,154.2,168.0,4.9,2.0,38.7,False,,0.0,223.0,975.0,903.0,0.0,True
14120724402,It’s windy and I’m cranky,Run,2025-04-08T20:26:02Z,1.7,0:16:46,0:16:46,63.98,9:53,593.0,7:24,444.0,138.1,158.0,44.3,9.2,11.6,False,,182.0,262.0,551.0,0.0,0.0,True
14101797118,Still feeling gucky but really nice to get out,Run,2025-04-06T20:13:00Z,5.35,0:55:17,0:55:17,242.45,10:20,620.0,6:46,406.0,140.6,162.0,55.1,32.8,26.7,False,,39.0,2024.0,1230.0,17.0,0.0,True
14060592025,Need to sleep,Run,2025-04-02T16:40:59Z,3.16,0:31:16,0:31:16,186.02,9:54,594.0,6:30,390.0,148.1,162.0,11.8,4.2,31.8,False,,0.0,569.0,1198.0,98.0,0.0,True
14042458599,Afternoon Run,Run,2025-03-31T20:07:07Z,3.3,0:33:30,0:33:30,206.04,10:09,609.0,5:32,332.0,144.0,163.0,37.4,15.1,25.3,False,,105.0,742.0,1020.0,111.0,0.0,True
13987229647,Afternoon Run,Run,2025-03-25T21:59:29Z,2.12,0:19:52,0:19:52,32.81,9:21,561.0,7:03,423.0,150.4,158.0,18.0,3.9,17.9,False,,0.0,181.0,1003.0,0.0,0.0,True
13976723387,Rainy run,Run,2025-03-24T19:53:31Z,3.24,0:32:38,0:32:38,187.66,10:04,604.0,5:52,352.0,145.8,164.0,31.8,11.7,25.1,False,,131.0,509.0,989.0,307.0,0.0,True
13920346473,Afternoon Run,Run,2025-03-18T19:59:55Z,3.43,0:33:18,0:33:18,168.64,9:42,582.0,6:11,371.0,145.1,163.0,34.7,13.6,25.5,False,,122.0,610.0,974.0,285.0,0.0,True
13891648054,Praise the sun!,Run,2025-03-15T17:20:20Z,3.01,0:31:23,0:31:23,185.04,10:26,626.0,6:16,376.0,149.2,167.0,22.9,8.8,29.8,False,,0.0,526.0,1016.0,311.0,0.0,True
13874047121,Afternoon Run,Run,2025-03-13T19:48:01Z,2.69,0:26:00,0:26:00,160.76,9:39,579.0,6:21,381.0,148.2,165.0,27.1,7.9,21.3,False,,41.0,390.0,636.0,493.0,0.0,True
13846836151,Afternoon Run,Run,2025-03-10T21:43:44Z,2.68,0:27:33,0:27:33,158.14,10:16,616.0,6:48,408.0,146.7,165.0,36.4,11.1,19.4,False,,0.0,597.0,746.0,282.0,0.0,True
13800187861,Afternoon Run,Run,2025-03-05T21:33:56Z,2.09,0:20:43,0:20:43,32.81,9:54,594.0,6:36,396.0,149.0,163.0,19.7,4.5,18.3,False,,149.0,82.0,593.0,419.0,0.0,True
13771371478,Lunch Run,Run,2025-03-02T17:24:59Z,2.04,0:20:30,0:20:30,95.14,10:03,603.0,5:46,346.0,143.5,164.0,43.2,12.0,15.8,False,,31.0,676.0,374.0,148.0,0.0,True
13636504745,Just a wee test,Run,2025-02-15T19:37:43Z,1.04,0:11:14,0:11:14,22.31,10:48,648.0,7:49,469.0,140.8,145.0,45.6,6.0,7.2,False,,0.0,368.0,300.0,0.0,0.0,True
13541383428,Afternoon Run,Run,2025-02-04T21:27:26Z,2.65,0:26:44,0:26:44,156.82,10:05,605.0,6:23,383.0,138.6,157.0,59.9,18.4,12.3,False,,63.0,1022.0,504.0,0.0,0.0,True
13478446408,Undigested cookie,Run,2025-01-28T21:23:39Z,2.7,0:25:51,0:25:51,159.45,9:35,575.0,5:25,325.0,148.2,164.0,17.0,4.9,23.9,False,,85.0,278.0,992.0,188.0,0.0,True
13381929376,Afternoon Run,Run,2025-01-17T20:38:08Z,2.66,0:26:20,0:26:20,158.46,9:53,593.0,6:17,377.0,146.2,159.0,32.9,10.0,20.5,False,,7.0,576.0,979.0,5.0,0.0,True
13356224513,Afternoon Run,Run,2025-01-14T20:45:09Z,3.17,0:32:16,0:32:16,126.64,10:11,611.0,6:21,381.0,140.0,155.0,50.5,19.2,18.8,False,,109.0,1060.0,738.0,0.0,0.0,True
13275224042,Nice & easy stomach bug recovery,Run,2025-01-05T17:53:34Z,3.18,0:32:13,0:32:13,187.01,10:07,607.0,6:08,368.0,144.1,167.0,31.9,12.4,26.4,False,,47.0,674.0,1083.0,112.0,0.0,True
13234380248,Afternoon Run,Run,2024-12-31T20:22:32Z,3.71,0:36:50,0:36:50,213.58,9:56,596.0,5:54,354.0,149.8,162.0,20.0,8.6,34.4,False,,16.0,529.0,1293.0,370.0,0.0,True
13203316423,Afternoon Run,Run,2024-12-27T19:51:13Z,3.25,0:31:47,0:31:47,159.45,9:47,587.0,5:46,346.0,150.2,165.0,23.0,8.3,27.9,False,,15.0,507.0,956.0,394.0,0.0,True
13137665392,Afternoon Run,Run,2024-12-17T20:26:46Z,3.6,0:34:05,0:34:05,91.54,9:28,568.0,6:10,370.0,143.3,163.0,47.1,18.4,20.7,False,,50.0,989.0,929.0,77.0,0.0,True
13109343869,Pause malfunction,Run,2024-12-13T20:43:54Z,1.88,0:17:58,0:17:58,32.81,9:33,573.0,6:19,379.0,157.0,168.0,0.0,0.0,21.4,False,,0.0,0.0,733.0,334.0,0.0,True
13088641287,Afternoon Run,Run,2024-12-10T20:15:52Z,2.57,0:24:54,0:24:54,110.56,9:41,581.0,6:11,371.0,142.1,169.0,24.3,6.8,21.1,False,,254.0,76.0,840.0,319.0,0.0,True
13074353410,Lunch Run,Run,2024-12-08T17:32:31Z,5.01,0:49:34,0:49:34,90.55,9:54,594.0,6:01,361.0,148.6,160.0,19.1,9.9,41.9,False,,17.0,788.0,1970.0,183.0,0.0,True
13054941568,Afternoon Run,Run,2024-12-05T21:02:49Z,3.59,0:34:09,0:34:09,91.21,9:30,570.0,6:00,360.0,153.8,166.0,7.0,2.8,36.8,False,,0.0,176.0,1222.0,643.0,0.0,True
13047862209,Hip unhappy,Run,2024-12-04T20:24:35Z,0.64,0:06:30,0:06:30,28.22,10:08,608.0,6:32,392.0,135.1,161.0,63.4,4.7,2.7,False,,17.0,221.0,27.0,121.0,0.0,True
13032708302,Afternoon Run,Run,2024-12-02T19:39:58Z,2.51,0:23:41,0:23:41,51.84,9:25,565.0,6:29,389.0,151.0,167.0,21.4,5.3,19.5,False,,37.0,240.0,691.0,454.0,0.0,True
13018593355,Afternoon Run,Run,2024-11-30T20:49:08Z,2.03,0:20:10,0:20:10,32.48,9:54,594.0,7:22,442.0,137.7,157.0,53.5,11.9,10.4,False,,93.0,718.0,393.0,0.0,0.0,True
12990768581,Getting my ass back out,Run,2024-11-26T21:24:27Z,3.55,0:35:35,0:35:35,91.54,10:02,602.0,6:04,364.0,146.7,159.0,30.9,12.5,28.0,False,,15.0,779.0,1323.0,5.0,0.0,True
12939567951,Afternoon Run,Run,2024-11-19T20:40:39Z,3.58,0:33:43,0:33:43,91.86,9:25,565.0,6:09,369.0,149.1,166.0,19.7,7.1,28.9,False,,5.0,493.0,1359.0,161.0,0.0,True
12902228750,Jog/ run,Run,2024-11-14T21:34:03Z,2.39,0:23:07,0:23:07,21.98,9:39,579.0,6:38,398.0,148.9,161.0,10.9,2.8,22.4,False,,0.0,280.0,1080.0,27.0,0.0,True
12887058279,Afternoon Run,Run,2024-11-12T21:37:26Z,3.04,0:30:48,0:30:48,271.33,10:07,607.0,5:35,335.0,144.0,164.0,37.8,12.7,20.9,False,,0.0,891.0,911.0,47.0,0.0,True
12879035791,Any recs for heartburn on runs? Tums doesn’t do it,Run,2024-11-11T21:35:23Z,3.01,0:27:30,0:27:30,38.39,9:07,547.0,5:57,357.0,152.7,166.0,6.5,1.8,26.0,False,,0.0,119.0,1090.0,441.0,0.0,True
12832221952,Afternoon Run,Run,2024-11-05T21:10:12Z,2.88,0:26:57,0:26:57,85.96,9:21,561.0,6:17,377.0,149.5,171.0,22.5,7.2,24.7,False,,27.0,448.0,801.0,332.0,0.0,True
12816499235,Afternoon Run,Run,2024-11-03T19:31:51Z,5.01,0:48:33,0:48:33,90.55,9:41,581.0,6:19,379.0,147.8,164.0,16.3,9.0,46.1,False,,20.0,713.0,1907.0,257.0,0.0,True
12799771534,Just wanted to get outside,Run,2024-11-01T21:04:33Z,1.3,0:14:48,0:14:48,31.82,11:21,681.0,7:01,421.0,132.9,153.0,76.1,12.9,4.1,False,,59.0,679.0,140.0,0.0,0.0,True
12792584102,Afternoon Run,Run,2024-10-31T21:24:43Z,2.28,0:21:28,0:21:28,24.28,9:25,565.0,5:10,310.0,149.0,171.0,24.7,5.9,18.0,False,,37.0,280.0,657.0,306.0,0.0,True
12776262482,Been tired,Run,2024-10-29T19:36:38Z,3.43,0:33:15,0:33:15,314.3,9:42,582.0,6:46,406.0,144.3,167.0,45.1,17.1,20.8,False,,58.0,949.0,717.0,266.0,0.0,True
12751416040,Getting lost a lot with Margo,Run,2024-10-26T17:38:09Z,3.1,0:38:15,0:38:15,334.65,12:19,739.0,5:52,352.0,141.2,159.0,61.7,33.8,20.9,False,,18.0,1393.0,785.0,8.0,0.0,True
12721207877,Attempting some hills,Run,2024-10-22T22:17:25Z,3.72,0:37:56,0:37:56,331.69,10:12,612.0,6:04,364.0,140.8,161.0,49.7,20.7,20.9,False,,12.0,1387.0,836.0,41.0,0.0,True
12694570898,Lunch Run,Run,2024-10-19T16:31:06Z,2.5,0:24:46,0:24:46,43.64,9:54,594.0,6:30,390.0,158.2,166.0,4.2,1.2,26.5,False,,15.0,57.0,549.0,867.0,0.0,True
12694313271,Premature finish,Run,2024-10-19T15:58:19Z,2.76,0:27:14,0:27:14,59.06,9:51,591.0,6:24,384.0,153.7,162.0,7.0,2.1,27.8,False,,8.0,154.0,1232.0,242.0,0.0,True
12673056320,Jog/Run,Run,2024-10-16T21:38:59Z,2.73,0:25:13,0:25:13,37.73,9:14,554.0,5:00,300.0,152.8,172.0,14.8,3.9,22.2,False,,48.0,339.0,505.0,607.0,0.0,True
12655936923,Afternoon Run,Run,2024-10-14T19:01:50Z,4.41,0:43:04,0:43:04,118.44,9:45,585.0,6:08,368.0,147.0,159.0,27.5,12.5,33.0,False,,0.0,1102.0,1482.0,0.0,0.0,True
12623708385,Quick run before a long drive,Run,2024-10-10T18:05:48Z,2.21,0:20:10,0:20:10,32.48,9:07,547.0,6:52,412.0,158.0,165.0,0.0,0.0,20.4,False,,0.0,166.0,219.0,827.0,0.0,True
12601134901,Afternoon Run,Run,2024-10-07T21:44:29Z,4.11,0:40:40,0:40:40,173.56,9:54,594.0,6:11,371.0,144.7,157.0,35.1,15.7,29.1,False,,41.0,1077.0,1318.0,0.0,0.0,True
12560530854,Jog/ run segments,Run,2024-10-02T22:58:28Z,2.57,0:24:27,0:24:27,28.54,9:30,570.0,5:52,352.0,151.0,170.0,22.9,5.6,18.9,False,,45.0,362.0,550.0,505.0,0.0,True
12543669690,Evening Run,Run,2024-09-30T22:22:35Z,3.01,0:27:02,0:27:02,94.82,8:58,538.0,5:10,310.0,155.8,167.0,8.6,2.6,27.5,False,,0.0,224.0,645.0,734.0,0.0,True
12525240490,Lunch Run,Run,2024-09-28T15:32:38Z,2.91,0:28:57,0:28:57,110.24,9:56,596.0,6:10,370.0,149.4,160.0,10.2,3.8,33.6,False,,21.0,335.0,1364.0,12.0,0.0,True
12503814385,Ladder: INTERVAL RUN 🏃🏼,Run,2024-09-25T20:10:14Z,0.0,0:37:30,0:37:30,0.0,,,,,136.6,170.0,42.1,15.8,21.7,False,,652.0,355.0,652.0,591.0,0.0,True
12486588191,Afternoon Run,Run,2024-09-23T19:38:06Z,3.0,0:27:29,0:27:29,95.14,9:08,548.0,5:45,345.0,154.1,166.0,9.5,2.8,26.9,False,,13.0,233.0,849.0,546.0,0.0,True
12479294217,Heartburn = scrapped run,Run,2024-09-22T20:27:33Z,0.27,0:02:44,0:02:44,0.0,9:57,597.0,7:22,442.0,125.4,140.0,100.0,3.8,0.0,False,,45.0,122.0,0.0,0.0,0.0,True
12427881457,Afternoon Run,Run,2024-09-16T21:20:34Z,3.01,0:27:46,0:27:46,99.74,9:14,554.0,6:19,379.0,154.7,170.0,13.8,4.4,27.3,False,,7.0,270.0,629.0,757.0,0.0,True
12378696606,Afternoon Run,Run,2024-09-10T21:33:41Z,2.51,0:22:29,0:22:29,26.57,8:58,538.0,5:23,323.0,150.5,168.0,27.0,7.1,19.2,False,,88.0,299.0,218.0,743.0,0.0,True
12319323827,Evening Run,Run,2024-09-03T22:15:26Z,2.0,0:18:49,0:18:49,10.83,9:24,564.0,6:16,376.0,151.6,164.0,20.8,4.0,15.1,False,,0.0,273.0,638.0,208.0,0.0,True
12299780367,Wee jet lag shakeout,Run,2024-09-01T15:33:16Z,2.01,0:18:09,0:18:09,22.97,9:02,542.0,4:39,279.0,143.7,168.0,28.8,8.7,21.5,False,,42.0,499.0,358.0,152.0,0.0,True
12140879764,Inexplicably tired - but glad to do anything,Run,2024-08-13T22:22:48Z,2.01,0:18:07,0:18:07,33.79,9:02,542.0,4:54,294.0,141.7,162.0,30.9,8.0,17.8,False,,40.0,639.0,374.0,13.0,0.0,True
12098713197,Afternoon Run,Run,2024-08-08T21:44:03Z,2.73,0:26:23,0:26:23,44.62,9:39,579.0,6:17,377.0,151.9,161.0,7.3,1.9,24.9,False,,0.0,316.0,1118.0,137.0,0.0,True
12080983932,Afternoon Run,Run,2024-08-06T20:16:12Z,3.01,0:26:14,0:26:14,73.82,8:43,523.0,4:10,250.0,157.7,172.0,15.8,5.7,30.2,False,,0.0,264.0,400.0,848.0,0.0,True
12064443671,Evening Run,Run,2024-08-04T22:02:28Z,2.75,0:25:36,0:25:36,81.04,9:18,558.0,5:26,326.0,137.9,159.0,34.6,17.1,32.2,False,,125.0,825.0,533.0,0.0,0.0,True
12043699727,Will I ever enjoy running again?,Run,2024-08-02T12:41:52Z,2.81,0:28:10,0:28:10,79.72,10:00,600.0,5:43,343.0,144.9,166.0,28.6,12.1,30.1,False,,30.0,705.0,753.0,161.0,0.0,True
11985725117,First attempt at run commute - wayyy too much weight,Run,2024-07-26T12:41:05Z,2.48,0:27:06,0:27:06,132.55,10:56,656.0,6:55,415.0,136.8,154.0,56.3,23.8,18.5,False,,49.0,1263.0,260.0,0.0,0.0,True
11955845491,First run with Briskers,Run,2024-07-22T22:12:22Z,3.0,0:28:53,0:28:53,102.69,9:37,577.0,4:58,298.0,136.9,164.0,50.3,32.5,32.2,False,,252.0,771.0,475.0,162.0,0.0,True
11938506166,Wayland trailfest,Run,2024-07-20T19:44:03Z,1.53,0:21:42,0:21:42,95.47,14:13,853.0,5:22,322.0,135.7,159.0,63.4,19.3,11.2,False,,45.0,985.0,210.0,0.0,0.0,True
11905588443,Afternoon Run,Run,2024-07-16T21:04:16Z,1.85,0:23:42,0:23:42,0.0,12:47,767.0,8:06,486.0,129.8,160.0,77.3,18.3,5.4,False,,410.0,800.0,204.0,8.0,0.0,True
11858217541,Just trying not to die,Run,2024-07-10T22:45:55Z,2.51,0:26:59,0:26:59,188.65,10:43,643.0,5:54,354.0,142.1,167.0,43.2,17.4,22.9,False,,8.0,1002.0,497.0,71.0,0.0,True
11673353670,Morning Run,Run,2024-06-17T13:48:48Z,2.01,0:18:08,0:18:08,35.1,9:02,542.0,5:21,321.0,145.5,169.0,19.2,5.7,23.9,False,,72.0,414.0,399.0,175.0,0.0,True
11548764713,Allergies or asthma?,Run,2024-06-01T14:37:14Z,5.01,0:54:21,0:54:21,201.44,10:51,651.0,6:40,400.0,147.0,166.0,22.6,14.0,47.8,False,,76.0,1000.0,1718.0,427.0,0.0,True
11510739934,Lunch Run,Run,2024-05-27T16:36:14Z,3.01,0:31:10,0:31:10,101.05,10:22,622.0,6:04,364.0,137.9,153.0,56.6,20.9,16.1,False,,49.0,1369.0,379.0,0.0,0.0,True
11438716961,First “race” in years? With Tat and Margo ❤️,Run,2024-05-18T12:02:31Z,3.06,0:30:10,0:30:10,47.57,9:52,592.0,5:26,326.0,153.8,165.0,9.9,3.0,27.7,True,5k,0.0,195.0,1350.0,265.0,0.0,True
11403897005,Afternoon Run,Run,2024-05-13T21:14:37Z,3.01,0:28:33,0:28:33,23.62,9:29,569.0,6:40,400.0,157.5,169.0,4.8,1.4,27.1,False,,8.0,97.0,711.0,896.0,0.0,True
11181947737,Fun new route by Strava maps def lied to me,Run,2024-04-14T14:11:13Z,8.13,1:54:21,1:54:21,711.94,14:04,844.0,6:35,395.0,136.3,167.0,61.9,71.3,43.9,False,,496.0,3920.0,1963.0,22.0,0.0,True
11051647282,Afternoon Run,Run,2024-03-27T21:28:28Z,2.77,0:26:09,0:26:09,161.42,9:25,565.0,5:55,355.0,151.9,168.0,17.1,5.3,25.8,False,,19.0,239.0,1036.0,249.0,0.0,True
11031333780,Lots of wet trail & getting lost,Run,2024-03-24T19:42:52Z,5.01,0:53:02,0:53:02,429.13,10:35,635.0,5:57,357.0,151.3,165.0,16.8,11.2,55.6,False,,34.0,489.0,2091.0,522.0,0.0,True
11009925385,Afternoon Run,Run,2024-03-21T18:42:53Z,3.01,0:29:25,0:29:25,162.73,9:47,587.0,6:42,402.0,153.6,167.0,15.0,4.9,27.5,False,,5.0,262.0,981.0,508.0,0.0,True
10981023495,Pleased enough given the lack of sleep,Run,2024-03-17T15:43:02Z,6.51,1:09:49,1:09:49,442.91,10:42,642.0,5:38,338.0,157.7,169.0,4.0,3.3,79.3,False,,0.0,248.0,1945.0,1972.0,0.0,True
10953923902,Training is going backwards,Run,2024-03-13T21:24:10Z,2.0,0:21:17,0:21:17,34.78,10:37,637.0,6:22,382.0,147.7,164.0,26.8,7.2,19.8,False,,0.0,468.0,638.0,124.0,0.0,True
10883262095,Lunch Run,Run,2024-03-03T16:40:51Z,4.34,0:46:51,0:46:51,98.1,10:47,647.0,6:11,371.0,155.1,167.0,9.5,4.5,42.9,False,,15.0,257.0,1219.0,1112.0,0.0,True
10763084572,Really hate these pace based workouts,Run,2024-02-14T20:46:12Z,3.35,0:35:17,0:35:17,82.68,10:32,632.0,6:10,370.0,155.6,169.0,3.7,1.4,35.5,False,,0.0,165.0,1111.0,769.0,0.0,True
10748197673,Trying a new app - pacing is hard,Run,2024-02-12T17:03:17Z,4.45,0:45:05,0:45:05,93.83,10:08,608.0,6:43,403.0,154.2,167.0,6.1,2.8,42.3,False,,19.0,150.0,1622.0,914.0,0.0,True
10723659948,Afternoon Run,Run,2024-02-08T20:23:33Z,3.05,0:29:27,0:29:27,145.67,9:38,578.0,6:45,405.0,157.3,174.0,7.7,2.9,34.9,False,,24.0,181.0,511.0,998.0,0.0,True
10710894689,Afternoon Run,Run,2024-02-06T21:35:25Z,3.14,0:31:06,0:31:06,147.31,9:54,594.0,7:42,462.0,157.7,170.0,2.9,1.0,32.4,False,,0.0,78.0,1010.0,763.0,0.0,True
10676188538,Afternoon Run,Run,2024-02-01T18:33:42Z,3.12,0:31:31,0:31:31,140.42,10:06,606.0,5:56,356.0,156.2,170.0,16.1,5.7,29.8,False,,0.0,358.0,474.0,1015.0,0.0,True
10663525282,Afternoon Run,Run,2024-01-30T21:06:03Z,2.45,0:25:48,0:25:48,222.77,10:31,631.0,4:53,293.0,142.9,169.0,23.0,7.4,24.6,False,,137.0,458.0,681.0,227.0,0.0,True
10585188011,HIIT treadmill,Run,2024-01-18T22:34:15Z,1.89,0:21:34,0:21:34,0.0,11:25,685.0,7:33,453.0,147.9,175.0,35.9,7.7,13.8,False,,100.0,421.0,361.0,399.0,13.0,True
10380889812,Afternoon Run,Run,2023-12-14T19:34:25Z,2.3,0:30:08,0:30:08,0.0,13:07,787.0,7:21,441.0,133.3,165.0,64.4,19.4,10.7,False,,512.0,774.0,341.0,181.0,0.0,True
10338785220,Peloton treadmill,Run,2023-12-06T17:05:50Z,2.9,0:31:24,0:31:24,0.0,10:48,648.0,7:21,441.0,151.5,171.0,22.6,7.1,24.3,False,,51.0,429.0,762.0,642.0,0.0,True
10328723859,Afternoon Trail Run,Run,2023-12-04T19:49:45Z,2.46,0:29:25,0:29:25,365.49,11:58,718.0,6:57,417.0,152.7,164.0,15.2,6.5,36.0,False,,17.0,257.0,1000.0,402.0,0.0,True
10291795051,Afternoon Trail Run,Run,2023-11-27T20:06:22Z,2.57,0:31:59,0:31:59,414.04,12:25,745.0,8:02,482.0,152.1,166.0,5.9,2.6,41.0,False,,36.0,200.0,1302.0,290.0,0.0,True
10219303902,Afternoon Run,Run,2023-11-14T20:56:22Z,2.79,0:27:39,0:27:39,51.18,9:53,593.0,4:45,285.0,157.9,168.0,0.0,0.0,27.8,False,,0.0,0.0,1029.0,614.0,0.0,True
9984500164,Evening Run,Run,2023-10-05T22:29:15Z,3.4,0:33:36,0:33:36,222.44,9:53,593.0,6:01,361.0,147.3,164.0,34.7,13.1,24.6,False,,17.0,817.0,984.0,165.0,0.0,True
9971727569,Evening Run,Run,2023-10-03T22:09:44Z,3.45,0:33:54,0:33:54,206.36,9:49,589.0,6:12,372.0,144.8,164.0,41.6,15.8,22.2,False,,28.0,1026.0,843.0,125.0,0.0,True
9933389520,Afternoon Run,Run,2023-09-27T20:58:31Z,3.01,0:29:40,0:29:40,196.19,9:50,590.0,5:57,357.0,151.6,171.0,15.2,5.5,30.4,False,,44.0,313.0,977.0,350.0,0.0,True
9920232631,Afternoon Run,Run,2023-09-25T21:17:17Z,2.83,0:27:45,0:27:45,199.15,9:48,588.0,6:54,414.0,152.4,166.0,14.5,4.6,27.4,False,,10.0,362.0,770.0,467.0,0.0,True
9899852301,Lunch Run,Run,2023-09-22T16:44:52Z,3.43,0:33:40,0:33:40,207.35,9:49,589.0,4:12,252.0,150.1,166.0,23.2,8.8,29.3,False,,0.0,715.0,954.0,300.0,0.0,True
9882580944,Afternoon Run,Run,2023-09-19T21:03:10Z,3.39,0:33:17,0:33:17,205.38,9:49,589.0,2:52,172.0,149.2,170.0,32.1,12.6,26.5,False,,28.0,682.0,669.0,510.0,0.0,True
9863134479,Afternoon Run,Run,2023-09-16T20:43:30Z,3.28,0:32:37,0:32:37,204.07,9:56,596.0,5:54,354.0,146.9,163.0,34.4,13.0,24.8,False,,31.0,705.0,1126.0,90.0,0.0,True
9842161259,Cut short cause I was hangry,Run,2023-09-13T16:03:22Z,2.11,0:20:57,0:20:57,62.99,9:54,594.0,5:41,341.0,150.1,164.0,24.7,6.7,20.3,False,,23.0,302.0,610.0,268.0,0.0,True
9798032284,Hills,Run,2023-09-06T20:26:20Z,2.79,0:33:10,0:33:10,0.0,11:54,714.0,8:40,520.0,132.3,147.0,80.8,26.8,6.4,False,,323.0,1662.0,5.0,0.0,0.0,True
9768055406,“Hills”,Run,2023-09-02T12:17:41Z,2.77,0:31:29,0:31:29,0.0,11:21,681.0,8:47,527.0,135.4,165.0,65.4,20.6,10.9,False,,390.0,989.0,489.0,21.0,0.0,True
9662057225,Afternoon Run,Run,2023-08-16T20:03:23Z,3.47,0:34:48,0:34:48,208.01,10:02,602.0,5:48,348.0,146.8,166.0,39.2,14.4,22.3,False,,21.0,953.0,619.0,362.0,0.0,True
9655050701,Intervals,Run,2023-08-15T19:34:07Z,1.94,0:24:47,0:24:47,0.0,12:48,768.0,2:44,164.0,124.6,162.0,63.9,15.8,8.9,False,,414.0,646.0,421.0,6.0,0.0,True
9609228531,Afternoon Run,Run,2023-08-08T20:46:55Z,3.06,0:40:32,0:40:32,0.0,13:13,793.0,7:44,464.0,141.6,169.0,45.0,17.7,21.7,False,,334.0,851.0,1128.0,51.0,0.0,True
9569320525,Morning Run,Run,2023-08-02T14:37:48Z,1.87,0:25:12,0:25:12,0.0,13:27,807.0,7:35,455.0,124.3,153.0,86.0,21.7,3.5,False,,519.0,899.0,94.0,0.0,0.0,True
9481855195,Morning Run,Run,2023-07-19T14:50:56Z,3.41,0:34:28,0:34:28,207.68,10:06,606.0,6:52,412.0,146.5,165.0,37.8,14.6,24.0,False,,34.0,922.0,894.0,157.0,0.0,True
9464831651,Afternoon Run,Run,2023-07-16T20:42:38Z,3.01,0:30:58,0:30:58,77.43,10:17,617.0,7:18,438.0,136.7,152.0,77.9,25.7,7.3,False,,73.0,1631.0,119.0,0.0,0.0,True
9389025559,Afternoon Run,Run,2023-07-04T18:33:56Z,3.42,0:32:33,0:32:33,205.71,9:30,570.0,6:56,416.0,146.2,165.0,37.8,13.1,21.5,False,,42.0,828.0,972.0,37.0,0.0,True
9347097515,Run to dinner,Run,2023-06-27T22:17:39Z,3.41,0:31:51,0:31:51,184.38,9:19,559.0,6:43,403.0,151.6,166.0,22.6,8.1,27.8,False,,30.0,463.0,795.0,572.0,0.0,True
9327392260,Afternoon Run,Run,2023-06-24T18:04:32Z,3.51,0:34:44,0:34:44,201.12,9:54,594.0,5:45,345.0,147.0,163.0,28.4,11.3,28.5,False,,28.0,999.0,796.0,242.0,0.0,True
9320545559,Lunch Run,Run,2023-06-23T16:14:38Z,3.42,0:33:39,0:33:39,213.91,9:50,590.0,5:52,352.0,149.4,166.0,26.6,10.0,27.7,False,,22.0,629.0,891.0,410.0,0.0,True
9303614894,Afternoon Run,Run,2023-06-20T19:55:20Z,3.44,0:33:22,0:33:22,210.96,9:42,582.0,7:03,423.0,139.6,157.0,60.1,22.1,14.7,False,,73.0,1317.0,573.0,0.0,0.0,True
9266813220,Run to vet,Run,2023-06-14T20:34:13Z,2.83,0:27:12,0:27:12,105.64,9:36,576.0,6:32,392.0,147.6,166.0,17.3,5.3,25.6,False,,33.0,508.0,991.0,53.0,0.0,True
9260613199,Afternoon Run,Run,2023-06-13T21:33:00Z,3.29,0:31:54,0:31:54,197.51,9:40,580.0,6:34,394.0,139.8,159.0,53.4,18.6,16.3,False,,88.0,1191.0,622.0,0.0,0.0,True
9178510693,Afternoon Run,Run,2023-05-31T20:39:35Z,3.12,0:31:32,0:31:32,223.1,10:06,606.0,5:23,323.0,144.6,165.0,45.4,16.4,19.8,False,,35.0,876.0,888.0,61.0,0.0,True
9140257085,Afternoon Run,Run,2023-05-25T19:16:58Z,3.42,0:33:10,0:33:10,207.35,9:41,581.0,6:14,374.0,149.5,166.0,27.1,10.2,27.3,False,,40.0,641.0,927.0,347.0,0.0,True
9128196863,Stiff as hell,Run,2023-05-23T21:11:16Z,3.72,0:38:06,0:38:06,298.88,10:15,615.0,7:07,427.0,151.1,167.0,22.8,9.9,33.5,False,,9.0,696.0,1147.0,403.0,0.0,True
9090141015,Afternoon Run,Run,2023-05-17T19:38:45Z,3.38,0:32:09,0:32:09,198.82,9:29,569.0,6:27,387.0,152.5,168.0,15.4,5.6,30.8,False,,0.0,560.0,878.0,473.0,0.0,True
9035743520,Quick attempt to run with groceries,Run,2023-05-08T19:37:17Z,0.19,0:01:35,0:01:35,0.0,8:32,512.0,6:34,394.0,139.7,155.0,38.5,0.6,1.0,False,,17.0,14.0,56.0,0.0,0.0,True
9035743882,Much pollen / to whole foods,Run,2023-05-08T19:10:07Z,1.43,0:13:24,0:13:24,63.32,9:20,560.0,5:57,357.0,156.8,168.0,5.7,0.9,15.0,False,,0.0,81.0,415.0,274.0,0.0,True
8999489895,Evening Run,Run,2023-05-02T22:22:47Z,3.14,0:29:50,0:29:50,234.58,9:30,570.0,5:10,310.0,158.8,175.0,4.4,1.5,32.0,False,,0.0,165.0,816.0,787.0,0.0,True
8980373051,Afternoon Run,Run,2023-04-29T21:11:34Z,2.58,0:26:12,0:26:12,136.48,10:08,608.0,5:31,331.0,150.4,170.0,25.4,7.8,22.7,False,,77.0,333.0,741.0,380.0,0.0,True
8726245328,Knee started hurting,Run,2023-03-16T20:30:10Z,1.84,0:18:01,0:18:01,55.77,9:46,586.0,6:57,417.0,159.4,181.0,10.4,2.1,17.8,False,,0.0,133.0,475.0,283.0,160.0,True
8681959817,Been awhile,Run,2023-03-08T16:55:43Z,2.34,0:23:23,0:23:23,43.96,9:58,598.0,6:00,360.0,155.2,170.0,11.3,3.0,23.7,False,,0.0,236.0,641.0,509.0,0.0,True
8139862827,Old school run with Margo and Tat,Run,2022-11-19T14:09:38Z,3.14,0:32:26,0:32:26,95.47,10:18,618.0,6:55,415.0,152.6,168.0,13.7,6.0,38.1,False,,69.0,319.0,1005.0,478.0,0.0,True
8059898739,First run in 👶💁🏻‍♀️👵,Run,2022-11-02T21:14:34Z,2.63,0:26:15,0:26:15,139.11,9:58,598.0,6:07,367.0,,,,,,False,,,,,,,True
7537326310,Afternoon Run,Run,2022-06-27T19:07:09Z,0.0,0:00:06,0:00:06,0.0,,,,,91.3,92.0,100.0,0.1,0.0,False,,6.0,0.0,0.0,0.0,0.0,True
7259872816,Run with Tat,Run,2022-06-05T14:19:06Z,4.57,0:50:58,0:50:58,312.01,11:08,668.0,7:28,448.0,144.9,166.0,26.0,15.2,43.4,False,,425.0,738.0,1566.0,212.0,0.0,True
7255926948,Sushi date night,Run,2022-06-04T20:12:05Z,5.09,1:27:12,1:27:12,118.77,17:07,1027.0,10:05,605.0,86.1,101.0,100.0,106.2,0.0,False,,5232.0,0.0,0.0,0.0,0.0,True
7208349906,Lil ankle twinge,Run,2022-05-26T21:36:26Z,1.83,0:16:22,0:16:22,135.17,8:56,536.0,5:27,327.0,146.7,165.0,17.1,4.9,24.0,False,,27.0,365.0,387.0,104.0,0.0,True
7196304404,Afternoon Run,Run,2022-05-24T17:19:13Z,3.0,0:25:13,0:25:13,198.49,8:24,504.0,5:41,341.0,147.0,169.0,17.8,6.7,30.6,False,,125.0,266.0,672.0,300.0,0.0,True
7160023898,Afternoon Run,Run,2022-05-17T21:03:28Z,3.01,0:26:11,0:26:11,200.46,8:42,522.0,5:36,336.0,153.5,170.0,9.2,3.3,32.4,False,,30.0,236.0,850.0,311.0,0.0,True
7148784579,Afternoon Run,Run,2022-05-15T18:16:45Z,0.29,0:03:02,0:03:02,71.52,10:38,638.0,5:33,333.0,141.1,157.0,23.2,1.4,4.6,False,,13.0,86.0,62.0,0.0,0.0,True
7132330593,Meh run,Run,2022-05-12T19:15:18Z,2.94,0:27:31,0:27:31,202.76,9:21,561.0,4:33,273.0,151.6,168.0,15.8,6.2,33.2,False,,21.0,351.0,954.0,200.0,0.0,True
7121548033,Afternoon Run,Run,2022-05-10T20:37:56Z,3.24,0:30:07,0:30:07,215.22,9:18,558.0,6:16,376.0,155.3,170.0,7.2,2.6,33.1,False,,10.0,144.0,1174.0,404.0,0.0,True
7094380395,Afternoon Run,Run,2022-05-05T20:33:26Z,3.13,0:28:30,0:28:30,213.58,9:06,546.0,6:07,367.0,152.8,172.0,13.6,5.0,31.6,False,,2.0,509.0,721.0,417.0,0.0,True
7083827065,Run-Pru-Run,Run,2022-05-03T21:36:52Z,2.98,0:28:09,0:28:09,187.99,9:26,566.0,5:39,339.0,154.2,171.0,5.3,2.5,45.1,False,,40.0,421.0,566.0,596.0,0.0,True
7040751437,Afternoon Run,Run,2022-04-25T20:33:31Z,3.14,0:30:24,0:30:24,200.79,9:41,581.0,6:01,361.0,149.1,165.0,13.0,6.0,40.1,False,,46.0,506.0,1011.0,104.0,0.0,True
7014414894,Afternoon Run,Run,2022-04-20T19:19:31Z,2.51,0:22:23,0:22:23,141.4,8:54,534.0,5:22,322.0,156.4,172.0,23.3,12.3,40.6,False,,18.0,153.0,456.0,584.0,0.0,True
6961506770,Lunch Run,Run,2022-04-10T16:55:49Z,3.41,0:36:10,0:36:10,334.32,10:36,636.0,6:30,390.0,146.6,165.0,27.7,16.2,42.1,False,,45.0,919.0,913.0,124.0,0.0,True
6866454980,Pru wasn’t into it but I was,Run,2022-03-22T19:56:36Z,3.07,0:30:26,0:30:26,205.38,9:54,594.0,5:13,313.0,154.8,166.0,9.5,3.6,34.7,False,,0.0,310.0,1194.0,212.0,0.0,True
6824764209,Chaotic 🥔 run,Run,2022-03-14T20:41:13Z,2.47,0:26:29,0:26:29,163.39,10:43,643.0,5:33,333.0,155.5,169.0,6.3,3.0,44.4,False,,31.0,155.0,649.0,637.0,0.0,True
6804771828,Turned into a walk but 🥔 was hype,Run,2022-03-10T21:23:25Z,1.87,0:26:13,0:26:13,88.58,14:01,841.0,5:59,359.0,123.0,169.0,56.1,40.7,31.9,False,,691.0,138.0,508.0,47.0,0.0,True
6718401406,Pru missed running more than I did,Run,2022-02-21T21:37:33Z,1.73,0:16:48,0:16:48,108.92,9:41,581.0,4:26,266.0,153.4,176.0,8.7,3.5,36.4,False,,26.0,210.0,397.0,224.0,0.0,True
6275714863,Turned into a walk,Run,2021-11-18T17:05:53Z,1.19,0:12:42,0:12:42,61.35,10:40,640.0,5:27,327.0,,,,,,False,,,,,,,True
6138180065,Afternoon Run,Run,2021-10-19T21:12:12Z,3.48,0:35:00,0:35:00,210.3,10:02,602.0,4:19,259.0,,,,,,False,,,,,,,True
6127953940,Lunch Run,Run,2021-10-17T15:10:04Z,9.33,1:43:53,1:43:53,413.71,11:07,667.0,6:32,392.0,,,,,,False,,,,,,,True
6111887377,Morning Run,Run,2021-10-14T13:12:11Z,3.64,0:35:33,0:35:33,209.97,9:46,586.0,5:35,335.0,,,,,,False,,,,,,,True
6098965169,Afternoon Run,Run,2021-10-11T18:41:49Z,7.0,1:09:59,1:09:59,276.57,9:59,599.0,6:14,374.0,,,,,,False,,,,,,,True
6078069269,Lunch Run,Run,2021-10-07T16:14:16Z,3.22,0:35:04,0:35:04,198.49,10:54,654.0,5:09,309.0,,,,,,False,,,,,,,True
6069170983,Afternoon Run,Run,2021-10-05T20:22:34Z,3.44,0:35:14,0:35:14,201.12,10:14,614.0,5:03,303.0,,,,,,False,,,,,,,True
6025085400,Afternoon Run,Run,2021-09-26T21:11:21Z,5.5,0:51:17,0:51:17,151.9,9:18,558.0,5:35,335.0,,,,,,False,,,,,,,True
6012153187,GPS spews lies,Run,2021-09-24T15:37:02Z,2.82,0:30:49,0:30:49,194.55,10:54,654.0,4:32,272.0,,,,,,False,,,,,,,True
5987280706,Remembered I signed up for a half 😬😬,Run,2021-09-19T16:58:45Z,4.32,0:41:14,0:41:14,81.69,9:32,572.0,6:14,374.0,,,,,,False,,,,,,,True
5961647691,Evening Run,Run,2021-09-14T23:12:05Z,2.29,0:21:46,0:21:46,56.76,9:29,569.0,5:09,309.0,,,,,,False,,,,,,,True
5909075325,"Three weeks of hiking,then one run makes me sore AF",Run,2021-09-04T14:56:17Z,4.36,0:51:54,0:51:54,406.82,11:53,713.0,5:42,342.0,,,,,,False,,,,,,,True
5895771475,Afternoon Run,Run,2021-09-02T21:38:17Z,3.39,0:34:32,0:34:32,202.1,10:10,610.0,6:32,392.0,137.1,157.0,58.4,21.5,15.3,False,,176.0,1178.0,669.0,0.0,0.0,True
5769086261,Morning Run,Run,2021-08-10T12:13:23Z,2.94,0:28:39,0:28:39,209.97,9:44,584.0,5:15,315.0,132.3,153.0,68.0,25.9,12.2,False,,210.0,1271.0,151.0,0.0,0.0,True
5763650071,Morning Run,Run,2021-08-09T12:52:13Z,2.02,0:19:20,0:19:20,42.32,9:35,575.0,5:15,315.0,143.8,154.0,34.7,7.1,13.4,False,,18.0,738.0,360.0,0.0,0.0,True
5732142700,Morning Run,Run,2021-08-03T14:00:31Z,3.19,0:30:18,0:30:18,195.87,9:29,569.0,5:57,357.0,146.5,166.0,39.9,14.1,21.2,False,,0.0,993.0,688.0,74.0,0.0,True
5721928610,Morning Hike,Run,2021-08-01T13:43:37Z,4.5,0:49:10,0:49:10,468.18,10:55,655.0,5:35,335.0,141.1,167.0,47.8,26.9,29.4,False,,267.0,1411.0,1216.0,56.0,0.0,True
5705709170,Morning Run,Run,2021-07-29T12:25:20Z,3.18,0:30:05,0:30:05,197.51,9:28,568.0,5:03,303.0,146.7,168.0,35.3,12.6,23.1,False,,10.0,885.0,730.0,114.0,0.0,True
5700527579,Morning Run,Run,2021-07-28T12:50:43Z,2.0,0:19:25,0:19:25,79.4,9:41,581.0,5:35,335.0,150.8,179.0,23.3,4.9,16.1,False,,13.0,579.0,264.0,272.0,15.0,True
5694923117,Morning Run,Run,2021-07-27T11:58:33Z,3.25,0:30:54,0:30:54,197.18,9:29,569.0,5:57,357.0,139.1,162.0,49.6,17.3,17.5,False,,158.0,1030.0,618.0,0.0,0.0,True
5681149135,Afternoon Run,Run,2021-07-24T17:51:17Z,0.62,0:07:04,0:07:04,0.0,11:20,680.0,6:52,412.0,132.6,150.0,60.3,6.3,4.1,False,,76.0,248.0,41.0,0.0,0.0,True
5668494679,Morning Run,Run,2021-07-22T11:56:38Z,3.22,0:31:17,0:31:17,204.07,9:42,582.0,5:42,342.0,148.6,168.0,25.4,9.3,27.5,False,,26.0,716.0,853.0,221.0,0.0,True
5652212623,Morning Run,Run,2021-07-19T12:47:24Z,2.01,0:19:13,0:19:13,35.1,9:34,574.0,5:57,357.0,145.6,158.0,26.6,6.1,16.9,False,,23.0,454.0,638.0,0.0,0.0,True
5633910900,Evening Run,Run,2021-07-15T22:21:38Z,3.42,0:33:13,0:33:13,197.18,9:42,582.0,3:31,211.0,,,,,,False,,,,,,,True
5628408683,Sploot be cray,Run,2021-07-14T20:44:02Z,1.79,0:16:24,0:16:24,42.65,9:08,548.0,4:03,243.0,,,,,,False,,,,,,,True
5617562322,Warmup,Run,2021-07-12T20:37:01Z,1.6,0:14:39,0:14:39,27.89,9:09,549.0,4:37,277.0,,,,,,False,,,,,,,True
5594798688,Sploot run,Run,2021-07-08T13:24:13Z,3.5,0:35:27,0:35:27,210.3,10:08,608.0,4:11,251.0,,,,,,False,,,,,,,True
5584100524,Run with sploot,Run,2021-07-06T12:56:03Z,2.97,0:31:05,0:31:05,197.51,10:27,627.0,3:18,198.0,,,,,,False,,,,,,,True
5560689839,Evening Run,Run,2021-07-01T22:37:57Z,3.4,0:32:08,0:32:08,220.14,9:27,567.0,5:15,315.0,,,,,,False,,,,,,,True
5539334000,Lunch Run,Run,2021-06-27T16:53:41Z,3.43,0:37:14,0:37:14,201.77,10:51,651.0,4:42,282.0,,,,,,False,,,,,,,True
5524227385,Run/ walk with zach,Run,2021-06-24T21:32:18Z,3.12,0:32:27,0:32:27,203.08,10:23,623.0,5:21,321.0,,,,,,False,,,,,,,True
5518851439,Afternoon Run,Run,2021-06-23T21:34:49Z,1.63,0:15:08,0:15:08,45.6,9:17,557.0,5:57,357.0,,,,,,False,,,,,,,True
5487232386,Afternoon Run,Run,2021-06-17T19:54:05Z,2.62,0:25:55,0:25:55,191.6,9:52,592.0,5:35,335.0,140.7,168.0,45.3,18.6,22.5,False,,41.0,953.0,346.0,16.0,0.0,True
5476606819,Afternoon Run,Run,2021-06-15T21:26:07Z,3.05,0:28:52,0:28:52,194.55,9:28,568.0,5:09,309.0,146.7,173.0,31.4,11.1,24.3,False,,23.0,954.0,517.0,141.0,0.0,True
5448922341,Run and play with 🥔,Run,2021-06-10T21:25:37Z,3.12,0:31:43,0:31:43,76.44,10:09,609.0,5:28,328.0,,,,,,False,,,,,,,True
5448752121,Afternoon Run,Run,2021-06-10T21:23:42Z,0.15,0:01:32,0:01:32,0.0,10:06,606.0,6:23,383.0,122.0,122.0,100.0,1.6,0.0,False,,0.0,98.0,0.0,0.0,0.0,True
5414128281,Afternoon Run,Run,2021-06-04T21:06:06Z,2.07,0:20:38,0:20:38,165.03,9:58,598.0,6:14,374.0,129.7,157.0,69.0,19.4,8.7,False,,250.0,808.0,128.0,0.0,0.0,True
5397287381,Afternoon Run,Run,2021-06-01T21:24:53Z,2.23,0:23:37,0:23:37,156.82,10:34,634.0,5:28,328.0,143.9,161.0,43.6,18.5,24.0,False,,49.0,624.0,587.0,0.0,0.0,True
5331276680,Afternoon Run,Run,2021-05-20T21:13:04Z,1.55,0:14:53,0:14:53,160.76,9:35,575.0,5:09,309.0,133.7,155.0,53.5,21.6,18.8,False,,123.0,442.0,177.0,0.0,0.0,True
5320092658,Afternoon Run,Run,2021-05-18T20:43:41Z,2.76,0:27:14,0:27:14,171.92,9:52,592.0,4:58,298.0,150.9,172.0,17.1,6.9,33.4,False,,31.0,445.0,836.0,202.0,0.0,True
5301923688,Lunch Run,Run,2021-05-15T15:20:12Z,2.46,0:25:13,0:25:13,160.76,10:15,615.0,6:14,374.0,139.9,161.0,49.0,20.4,21.2,False,,128.0,715.0,476.0,0.0,0.0,True
5292184567,Afternoon Run,Run,2021-05-13T20:13:39Z,2.85,0:28:02,0:28:02,195.54,9:50,590.0,5:21,321.0,143.8,162.0,30.2,10.9,25.1,False,,58.0,789.0,749.0,0.0,0.0,True
5243049281,Left Pru at home,Run,2021-05-04T21:46:16Z,1.58,0:15:01,0:15:01,24.61,9:30,570.0,5:42,342.0,159.1,166.0,0.0,0.0,15.4,False,,0.0,36.0,609.0,236.0,0.0,True
5242984957,Pru ran into bite friends,Run,2021-05-04T21:20:41Z,0.78,0:08:39,0:08:39,12.14,11:02,662.0,5:49,349.0,112.2,152.0,85.5,19.9,3.4,False,,309.0,0.0,137.0,0.0,0.0,True
5102708809,Morning Run,Run,2021-04-10T14:34:55Z,2.46,0:25:20,0:25:20,191.93,10:17,617.0,5:57,357.0,144.8,160.0,36.9,13.7,23.5,False,,21.0,751.0,627.0,0.0,0.0,True
5081607127,Zach’s foot hurt,Run,2021-04-06T20:19:39Z,1.59,0:15:21,0:15:21,148.62,9:40,580.0,5:49,349.0,133.5,160.0,39.9,8.9,13.4,False,,425.0,201.0,249.0,0.0,0.0,True
5051803876,Afternoon Run,Run,2021-04-01T19:53:21Z,1.2,0:12:27,0:12:27,34.12,10:24,624.0,5:42,342.0,141.8,147.0,30.2,4.8,11.2,False,,55.0,630.0,0.0,0.0,0.0,True
5021493028,Pru’s first run,Run,2021-03-27T18:56:38Z,3.13,0:50:04,0:50:04,332.02,16:00,960.0,5:09,309.0,,,,,,False,,,,,,,True
4992713010,Warmup,Run,2021-03-22T20:46:52Z,2.01,0:19:08,0:19:08,48.88,9:31,571.0,5:35,335.0,147.0,158.0,12.4,2.4,17.0,False,,0.0,563.0,574.0,0.0,0.0,True
4947247258,Morning Run,Run,2021-03-14T14:21:18Z,2.85,0:39:33,0:39:33,583.99,13:51,831.0,7:27,447.0,150.9,166.0,25.7,16.6,48.0,False,,15.0,743.0,1089.0,286.0,0.0,True
4930186488,Lunch Run,Run,2021-03-11T17:39:38Z,3.43,0:33:09,0:33:09,209.97,9:39,579.0,5:35,335.0,152.3,166.0,12.9,5.5,37.4,False,,46.0,452.0,1264.0,126.0,0.0,True
4886140616,Afternoon Run,Run,2021-03-03T22:25:01Z,2.72,0:26:42,0:26:42,135.5,9:49,589.0,6:32,392.0,141.8,160.0,42.1,14.1,19.3,False,,12.0,1070.0,446.0,0.0,0.0,True
4781855574,Lunch Run,Run,2021-02-13T17:17:15Z,2.74,0:26:45,0:26:45,149.61,9:46,586.0,6:23,383.0,148.9,166.0,18.9,5.7,24.2,False,,0.0,656.0,835.0,69.0,0.0,True
4735032365,Afternoon Run,Run,2021-02-04T19:10:05Z,3.24,0:30:30,0:30:30,201.12,9:25,565.0,5:28,328.0,153.9,169.0,7.2,2.6,33.5,False,,0.0,409.0,967.0,347.0,0.0,True
4696586482,Afternoon Run,Run,2021-01-28T19:16:17Z,2.95,0:27:51,0:27:51,148.62,9:26,566.0,5:28,328.0,148.1,163.0,14.6,4.8,28.1,False,,0.0,901.0,656.0,17.0,0.0,True
4685329951,Lunch Run,Run,2021-01-26T17:07:22Z,3.37,0:25:39,0:25:39,199.8,7:36,456.0,3:56,236.0,155.3,175.0,9.2,3.4,33.4,False,,14.0,189.0,883.0,453.0,0.0,True
4663895680,Afternoon Run,Run,2021-01-22T19:22:26Z,2.59,0:24:22,0:24:22,67.59,9:25,565.0,2:49,169.0,147.8,165.0,13.9,4.0,24.7,False,,25.0,244.0,1177.0,16.0,0.0,True
4637464492,Walk / sprint,Run,2021-01-17T16:18:03Z,2.11,0:28:56,0:28:56,143.7,13:44,824.0,5:15,315.0,,,,,,False,,,,,,,True
4620419423,Lunch Run,Run,2021-01-14T17:47:30Z,2.6,0:24:33,0:24:33,128.94,9:25,565.0,6:32,392.0,,,,,,False,,,,,,,True
4599715845,Morning Run,Run,2021-01-10T15:58:57Z,2.66,0:26:23,0:26:23,137.8,9:55,595.0,5:42,342.0,131.9,155.0,68.9,22.2,10.1,False,,361.0,802.0,292.0,0.0,0.0,True
4578691601,Afternoon Run,Run,2021-01-06T19:43:27Z,1.78,0:16:53,0:16:53,37.73,9:27,567.0,5:57,357.0,,,,,,False,,,,,,,True
4531321750,Afternoon Run,Run,2020-12-28T20:40:45Z,3.29,0:30:12,0:30:12,145.34,9:11,551.0,4:58,298.0,,,,,,False,,,,,,,True
4416335371,Morning Run,Run,2020-12-01T14:53:43Z,3.26,0:30:50,0:30:50,198.16,9:27,567.0,5:28,328.0,,,,,,False,,,,,,,True
4403178253,Breakfast pie,Run,2020-11-28T16:23:09Z,2.96,0:28:14,0:28:14,207.02,9:32,572.0,4:58,298.0,,,,,,False,,,,,,,True
4324666083,WHOOP Running → 13.0 Day Strain,Run,2020-11-11T21:38:07Z,2.94,0:26:57,0:26:57,154.53,9:10,550.0,5:49,349.0,141.8,163.0,43.0,12.5,16.6,False,,53.0,957.0,600.0,7.0,0.0,True
4308935515,WHOOP Running → 11.5 Day Strain,Run,2020-11-08T15:39:20Z,3.4,0:36:06,0:36:06,216.86,10:36,636.0,5:28,328.0,139.7,163.0,44.2,16.8,21.2,False,,291.0,1000.0,862.0,13.0,0.0,True
4291047486,WHOOP Running → 15.0 Day Strain,Run,2020-11-05T18:16:36Z,3.35,0:37:25,0:37:25,199.15,11:09,669.0,6:42,402.0,145.9,168.0,38.4,15.0,24.1,False,,102.0,866.0,990.0,287.0,0.0,True
4282302399,WHOOP Running → 15.5 Day Strain,Run,2020-11-03T20:31:16Z,3.47,0:32:52,0:32:52,207.68,9:28,568.0,6:42,402.0,154.6,182.0,8.9,3.2,32.9,False,,41.0,177.0,1536.0,185.0,33.0,True
4272979819,Hungry,Run,2020-11-01T17:41:58Z,2.83,0:29:15,0:29:15,193.24,10:19,619.0,7:14,434.0,151.9,185.0,21.2,6.5,24.0,False,,30.0,493.0,896.0,152.0,184.0,True
4256217903,WHOOP Running → 16.6 Day Strain,Run,2020-10-28T21:34:55Z,3.41,0:33:19,0:33:19,208.66,9:46,586.0,5:57,357.0,157.7,176.0,6.6,2.3,32.9,False,,38.0,250.0,983.0,728.0,0.0,True
4229999379,More of a tired walk,Run,2020-10-22T18:18:08Z,3.66,0:48:02,0:48:02,202.43,13:06,786.0,5:35,335.0,120.2,161.0,80.0,40.8,10.2,False,,1468.0,1145.0,269.0,0.0,0.0,True
4221700223,WHOOP Running → 15.3 Day Strain,Run,2020-10-20T19:45:19Z,3.43,0:32:55,0:32:55,207.02,9:36,576.0,5:28,328.0,151.3,181.0,22.5,7.8,26.9,False,,2.0,690.0,985.0,215.0,83.0,True
4200074998,WHOOP Functional Fitness → 14.5 Day Strain,Run,2020-10-15T21:31:58Z,0.0,0:35:36,0:35:36,0.0,,,,,144.1,174.0,44.4,15.8,19.8,False,,127.0,1137.0,554.0,318.0,0.0,True
4130386580,WHOOP Running → 12.7 Day Strain,Run,2020-09-29T22:37:38Z,2.06,0:18:53,0:18:53,83.66,9:09,549.0,4:47,287.0,149.3,162.0,11.7,2.2,16.9,False,,0.0,544.0,589.0,0.0,0.0,True
4121065170,More hike than run,Run,2020-09-27T17:32:57Z,5.54,1:11:03,1:11:03,517.72,12:49,769.0,6:52,412.0,124.0,151.0,96.0,71.1,3.0,False,,1318.0,2900.0,45.0,0.0,0.0,True
4111740771,WHOOP Running → 10.2 Day Strain,Run,2020-09-25T21:35:03Z,1.98,0:18:27,0:18:27,79.07,9:20,560.0,7:03,423.0,140.8,151.0,29.5,6.0,14.2,False,,61.0,765.0,281.0,0.0,0.0,True
4099051291,WHOOP Running → 15.5 Day Strain,Run,2020-09-22T21:37:00Z,3.44,0:33:27,0:33:27,199.15,9:44,584.0,6:05,365.0,151.6,174.0,26.8,9.6,26.2,False,,135.0,584.0,781.0,507.0,0.0,True
4089030327,WHOOP Running → 11.5 Day Strain,Run,2020-09-20T17:17:09Z,2.91,0:27:38,0:27:38,191.93,9:28,568.0,6:42,402.0,143.8,160.0,40.2,11.8,17.6,False,,17.0,1042.0,599.0,0.0,0.0,True
4075103036,WHOOP Running → 11.6 Day Strain,Run,2020-09-17T21:09:12Z,3.5,0:32:56,0:32:56,208.33,9:23,563.0,4:00,240.0,133.0,162.0,56.6,23.4,18.0,False,,109.0,1280.0,587.0,0.0,0.0,True
4064247626,Not sure the whoop works,Run,2020-09-15T16:46:10Z,2.92,0:29:59,0:29:59,130.91,10:15,615.0,5:15,315.0,138.9,165.0,55.1,17.4,14.2,False,,228.0,1069.0,444.0,58.0,0.0,True
4041489971,WHOOP Running → 11.2 Day Strain,Run,2020-09-10T21:22:08Z,3.89,0:40:37,0:40:37,213.25,10:25,625.0,4:58,298.0,132.0,155.0,78.7,34.9,9.4,False,,269.0,2027.0,141.0,0.0,0.0,True
4032267193,WHOOP Running → 13.0 Day Strain,Run,2020-09-08T22:20:46Z,3.29,0:30:37,0:30:37,148.95,9:18,558.0,4:58,298.0,139.9,156.0,54.1,17.1,14.5,False,,33.0,1263.0,541.0,0.0,0.0,True
4026749082,WHOOP Running → 11.9 Day Strain,Run,2020-09-07T18:37:53Z,1.49,0:13:45,0:13:45,31.17,9:12,552.0,3:23,203.0,144.4,152.0,18.6,2.6,11.4,False,,30.0,451.0,344.0,0.0,0.0,True
4020945251,WHOOP Running → 11.1 Day Strain,Run,2020-09-06T13:43:14Z,3.39,0:34:32,0:34:32,212.6,10:11,611.0,3:53,233.0,137.2,158.0,61.5,22.9,14.3,False,,275.0,1365.0,432.0,0.0,0.0,True
3998416739,Too many jump squats yesterday 😣,Run,2020-09-01T22:18:11Z,3.17,0:28:47,0:28:47,221.46,9:04,544.0,5:57,357.0,,,,,,False,,,,,,,True
3988016369,Run -> walk,Run,2020-08-30T16:36:49Z,1.6,0:14:35,0:14:35,154.53,9:05,545.0,4:42,282.0,,,,,,False,,,,,,,True
3975201666,Afternoon Run,Run,2020-08-27T21:44:04Z,3.53,0:33:10,0:33:10,236.55,9:23,563.0,5:21,321.0,,,,,,False,,,,,,,True
3963486057,Missing a mile+,Run,2020-08-25T12:46:56Z,2.34,0:21:19,0:21:19,173.56,9:06,546.0,3:00,180.0,,,,,,False,,,,,,,True
3943110361,Afternoon Run,Run,2020-08-20T21:57:07Z,2.68,0:24:43,0:24:43,131.23,9:13,553.0,5:09,309.0,134.2,163.0,54.5,19.3,16.1,False,,294.0,735.0,324.0,0.0,0.0,True
3933302918,Evening Run,Run,2020-08-18T22:12:13Z,3.36,0:30:26,0:30:26,219.82,9:04,544.0,4:32,272.0,,,,,,False,,,,,,,True
3918574806,Afternoon Run,Run,2020-08-15T20:53:44Z,5.14,0:46:19,0:46:19,162.07,9:00,540.0,4:42,282.0,,,,,,False,,,,,,,True
3909318650,Evening Run,Run,2020-08-13T22:09:22Z,3.43,0:30:53,0:30:53,208.33,9:00,540.0,5:15,315.0,,,,,,False,,,,,,,True
3899848121,Evening Run,Run,2020-08-11T22:58:12Z,3.4,0:30:46,0:30:46,215.55,9:02,542.0,3:11,191.0,,,,,,False,,,,,,,True
3884477518,Lost interest,Run,2020-08-08T19:02:19Z,1.98,0:17:27,0:17:27,178.81,8:48,528.0,5:35,335.0,,,,,,False,,,,,,,True
3875583397,Evening Run,Run,2020-08-06T22:05:46Z,2.91,0:30:57,0:30:57,212.27,10:39,639.0,4:28,268.0,,,,,,False,,,,,,,True
3862455927,Morning Run,Run,2020-08-04T10:58:41Z,3.02,0:30:40,0:30:40,190.29,10:10,610.0,5:35,335.0,,,,,,False,,,,,,,True
3856230723,Lunch Run,Run,2020-08-02T15:18:09Z,3.77,0:36:53,0:36:53,221.46,9:46,586.0,3:21,201.0,,,,,,False,,,,,,,True
3840684822,Afternoon Run,Run,2020-07-30T21:50:41Z,3.77,0:36:22,0:36:22,217.52,9:38,578.0,4:47,287.0,,,,,,False,,,,,,,True
3815529869,Day one,Run,2020-07-26T15:13:20Z,3.24,0:31:07,0:31:07,202.1,9:36,576.0,5:03,303.0,,,,,,False,,,,,,,True
3777097307,Afternoon Run,Run,2020-07-17T19:45:59Z,2.51,0:23:06,0:23:06,187.01,9:11,551.0,3:40,220.0,,,,,,False,,,,,,,True
3753308002,Run with Margo!,Run,2020-07-12T13:53:49Z,3.25,0:37:00,0:37:00,354.99,11:23,683.0,6:23,383.0,,,,,,False,,,,,,,True
3731137406,Afternoon Run,Run,2020-07-07T19:34:00Z,2.07,0:16:37,0:16:37,158.14,8:01,481.0,4:32,272.0,135.1,162.0,32.5,15.4,32.0,False,,177.0,496.0,190.0,0.0,0.0,True
3723044757,Lunch Run,Run,2020-07-06T16:39:30Z,2.53,0:26:01,0:26:01,165.35,10:17,617.0,4:52,292.0,120.4,161.0,45.1,15.0,18.3,False,,487.0,316.0,133.0,0.0,0.0,True
3700135941,Afternoon Run,Run,2020-07-01T21:38:17Z,3.3,0:30:04,0:30:04,210.3,9:06,546.0,5:49,349.0,,,,,,False,,,,,,,True
3683910998,Run with Tat and Margo!,Run,2020-06-28T13:52:29Z,3.19,0:32:42,0:32:42,149.28,10:14,614.0,6:42,402.0,,,,,,False,,,,,,,True
3666532684,Oh boy,Run,2020-06-24T22:06:02Z,3.28,0:29:48,0:29:48,211.29,9:05,545.0,5:03,303.0,,,,,,False,,,,,,,True
3656010889,Evening Run,Run,2020-06-22T22:03:47Z,3.23,0:27:59,0:27:59,196.19,8:40,520.0,5:42,342.0,,,,,,False,,,,,,,True
3639777455,With Margo!,Run,2020-06-19T18:11:52Z,4.26,0:43:44,0:43:44,463.25,10:15,615.0,6:23,383.0,,,,,,False,,,,,,,True
3631007375,Afternoon Run,Run,2020-06-17T20:31:09Z,3.85,0:35:53,0:35:53,208.33,9:19,559.0,5:49,349.0,,,,,,False,,,,,,,True
3620792871,Afternoon Run,Run,2020-06-15T21:23:47Z,3.46,0:29:23,0:29:23,216.21,8:29,509.0,3:53,233.0,,,,,,False,,,,,,,True
3608972311,Roguenar leg 3,Run,2020-06-13T16:32:16Z,1.09,0:08:46,0:08:46,0.0,8:01,481.0,5:28,328.0,,,,,,False,,,,,,,True
3608671085,Roguenar leg 2,Run,2020-06-13T15:17:22Z,4.08,0:34:12,0:34:12,103.35,8:23,503.0,4:52,292.0,,,,,,False,,,,,,,True
3608268792,Roguenar leg 1,Run,2020-06-13T14:33:30Z,2.27,0:17:49,0:17:49,26.57,7:50,470.0,5:49,349.0,,,,,,False,,,,,,,True
3604232720,Got to see Margo! And it was hot.,Run,2020-06-12T17:52:04Z,5.48,1:04:24,1:04:24,562.34,11:45,705.0,6:32,392.0,,,,,,False,,,,,,,True
3595168000,Afternoon Run,Run,2020-06-10T20:40:59Z,4.54,0:45:12,0:45:12,486.88,9:56,596.0,3:29,209.0,,,,,,False,,,,,,,True
3585239981,Evening Run,Run,2020-06-08T22:15:33Z,3.34,0:28:34,0:28:34,198.49,8:33,513.0,4:47,287.0,147.6,167.0,25.0,9.7,29.0,False,,35.0,779.0,619.0,165.0,0.0,True
3574844819,Evening Run,Run,2020-06-06T23:25:12Z,3.53,0:31:03,0:31:03,208.99,8:47,527.0,6:05,365.0,,,,,,False,,,,,,,True
3574767500,Evening Run,Run,2020-06-04T22:26:52Z,0.17,0:01:35,0:01:35,8.2,9:20,560.0,6:42,402.0,,,,,,False,,,,,,,True
3560715643,Evening Run,Run,2020-06-03T22:09:00Z,2.41,0:25:31,0:25:31,164.04,10:34,634.0,6:23,383.0,,,,,,False,,,,,,,True
3543937112,Afternoon Run,Run,2020-05-31T18:51:23Z,4.12,0:41:17,0:41:17,399.61,10:01,601.0,4:58,298.0,,,,,,False,,,,,,,True
3538628934,Evening Run,Run,2020-05-30T22:27:33Z,2.92,0:25:52,0:25:52,194.55,8:52,532.0,5:57,357.0,144.6,160.0,28.6,9.6,24.0,False,,20.0,943.0,522.0,0.0,0.0,True
3522880730,Evening Run,Run,2020-05-27T22:06:52Z,2.76,0:24:34,0:24:34,178.81,8:53,533.0,5:35,335.0,140.7,167.0,24.4,10.8,33.5,False,,155.0,882.0,317.0,16.0,0.0,True
3509964727,Lunch Run,Run,2020-05-25T15:56:48Z,3.55,0:31:01,0:31:01,192.26,8:44,524.0,6:05,365.0,,,,,,False,,,,,,,True
3485057623,Afternoon Run,Run,2020-05-20T21:34:45Z,3.93,0:34:15,0:34:15,198.49,8:42,522.0,4:58,298.0,143.6,177.0,41.4,20.9,29.5,False,,484.0,671.0,176.0,572.0,0.0,True
3473926859,Afternoon Run,Run,2020-05-18T21:16:17Z,3.43,0:29:26,0:29:26,208.66,8:35,515.0,5:28,328.0,,,,,,False,,,,,,,True
3452391675,Evening Run,Run,2020-05-14T22:00:17Z,3.46,0:29:43,0:29:43,197.51,8:34,514.0,6:05,365.0,148.0,191.0,25.7,10.2,29.5,False,,390.0,209.0,600.0,433.0,89.0,True
3442038114,Evening Run,Run,2020-05-12T22:15:36Z,3.05,0:25:55,0:25:55,127.95,8:30,510.0,4:42,282.0,161.1,175.0,15.8,5.0,26.5,False,,25.0,221.0,283.0,963.0,0.0,True
3434451713,Lunch Run,Run,2020-05-10T16:29:05Z,4.21,1:07:18,1:07:18,331.04,15:59,959.0,5:03,303.0,91.2,110.0,100.0,90.2,0.0,False,,3447.0,0.0,0.0,0.0,0.0,True
3410211153,Afternoon Run,Run,2020-05-06T20:37:22Z,2.85,0:25:09,0:25:09,123.03,8:50,530.0,3:43,223.0,,,,,,False,,,,,,,True
3398792237,Afternoon Run,Run,2020-05-04T20:41:45Z,2.99,0:26:44,0:26:44,206.69,8:55,535.0,5:21,321.0,158.3,180.0,11.8,3.9,28.9,False,,150.0,102.0,640.0,482.0,178.0,True
3382186051,Just putzing around,Run,2020-05-01T21:14:00Z,1.25,0:11:30,0:11:30,116.14,9:11,551.0,3:34,214.0,126.7,162.0,90.7,43.5,4.5,False,,202.0,51.0,168.0,0.0,0.0,True
3372944068,Afternoon Run,Run,2020-04-29T21:49:31Z,3.5,0:35:44,0:35:44,202.1,10:12,612.0,6:14,374.0,,,,,,False,,,,,,,True
3353108422,Afternoon Run,Run,2020-04-25T19:55:51Z,1.77,0:16:02,0:16:02,82.02,9:03,543.0,5:57,357.0,127.3,164.0,67.4,18.3,8.8,False,,540.0,244.0,49.0,28.0,0.0,True
3343566307,Afternoon Run,Run,2020-04-23T21:56:06Z,2.76,0:25:31,0:25:31,198.49,9:14,554.0,5:15,315.0,153.6,185.0,25.0,11.6,34.7,False,,223.0,124.0,560.0,454.0,66.0,True
3323972167,Afternoon Run,Run,2020-04-19T19:43:26Z,1.73,0:16:15,0:16:15,126.31,9:23,563.0,6:42,402.0,136.4,161.0,74.8,15.7,5.3,False,,0.0,898.0,28.0,0.0,0.0,True
3309185374,Wayyyy too cold,Run,2020-04-16T20:33:05Z,1.68,0:14:16,0:14:16,28.22,8:28,508.0,4:58,298.0,,,,,,False,,,,,,,True
3299828463,Afternoon Run,Run,2020-04-14T21:25:54Z,3.81,0:35:00,0:35:00,208.99,9:10,550.0,5:57,357.0,,,,,,False,,,,,,,True
3290727435,Afternoon Run,Run,2020-04-12T17:55:43Z,4.9,0:49:22,0:49:22,220.47,10:04,604.0,5:49,349.0,,,,,,False,,,,,,,True
3268766147,Did everyone else forget what’s happening,Run,2020-04-07T21:23:36Z,4.87,0:43:42,0:43:42,202.76,8:58,538.0,5:28,328.0,,,,,,False,,,,,,,True
3260196126,Afternoon Run,Run,2020-04-05T19:26:57Z,3.81,0:34:37,0:34:37,269.69,9:05,545.0,5:42,342.0,,,,,,False,,,,,,,True
3255433497,Out of shape already,Run,2020-04-04T18:58:38Z,4.06,0:38:40,0:38:40,207.02,9:31,571.0,5:42,342.0,,,,,,False,,,,,,,True
3227735248,Meant to be 10,Run,2020-03-28T14:32:37Z,3.05,0:27:41,0:27:41,183.07,9:03,543.0,6:14,374.0,,,,,,False,,,,,,,True
3214611806,Marathon officially cancelled,Run,2020-03-24T20:45:48Z,3.87,0:34:11,0:34:11,202.43,8:50,530.0,5:03,303.0,,,,,,False,,,,,,,True
3208189573,Training for a marathon that’s probably not happening,Run,2020-03-22T16:35:24Z,12.54,2:04:16,2:04:16,784.78,9:54,594.0,6:14,374.0,159.5,190.0,32.2,49.6,104.3,False,,21.0,2353.0,548.0,3606.0,716.0,True
3204333359,Sore from all those jump lunges,Run,2020-03-21T16:35:40Z,8.0,1:17:32,1:17:32,399.93,9:41,581.0,6:05,365.0,,,,,,False,,,,,,,True
3195594443,Between meetings,Run,2020-03-18T20:51:58Z,2.12,0:20:05,0:20:05,118.77,9:29,569.0,5:35,335.0,152.3,155.0,2.5,0.6,21.2,False,,31.0,0.0,1154.0,0.0,0.0,True
3192707906,Recovery run,Run,2020-03-17T22:32:09Z,4.11,0:36:36,0:36:36,143.37,8:53,533.0,5:57,357.0,,,,,,False,,,,,,,True
3187082277,Woof,Run,2020-03-15T17:52:07Z,16.76,2:40:51,2:40:51,932.74,9:35,575.0,5:42,342.0,,,,,,False,,,,,,,True
3180451919,Forgot to unpause some,Run,2020-03-13T19:38:55Z,4.16,0:37:30,0:37:30,240.49,9:01,541.0,5:35,335.0,152.2,187.0,18.7,10.5,45.9,False,,593.0,311.0,531.0,509.0,258.0,True
3175392816,Run to pick up inhaler,Run,2020-03-11T20:21:47Z,5.32,0:46:54,0:46:54,254.27,8:48,528.0,6:32,392.0,,,,,,False,,,,,,,True
3166563248,Well that felt like shit,Run,2020-03-08T16:19:36Z,6.09,0:58:42,0:58:42,296.26,9:38,578.0,5:49,349.0,,,,,,False,,,,,,,True
3163489102,Half a long run,Run,2020-03-07T20:56:01Z,9.27,1:20:54,1:20:54,445.54,8:43,523.0,5:42,342.0,,,,,,False,,,,,,,True
3157608850,Afternoon Run,Run,2020-03-05T21:50:17Z,4.06,0:36:38,0:36:38,134.51,9:00,540.0,4:52,292.0,,,,,,False,,,,,,,True
3146541908,Not quite 16,Run,2020-03-01T21:37:54Z,4.19,0:37:15,0:37:15,233.6,8:53,533.0,6:42,402.0,,,,,,False,,,,,,,True
3135124075,Hills,Run,2020-02-26T23:47:30Z,4.22,0:38:45,0:38:45,396.65,9:11,551.0,5:42,342.0,,,,,,False,,,,,,,True
3132080636,Tempo,Run,2020-02-25T21:03:25Z,3.1,0:27:24,0:27:24,0.0,8:50,530.0,,,,,,,,False,,,,,,,True
3122725395,Lost my groove,Run,2020-02-22T15:19:47Z,14.04,2:04:02,2:04:02,547.9,8:49,529.0,4:11,251.0,,,,,,False,,,,,,,True
3117634407,Run to haircut,Run,2020-02-20T21:19:38Z,3.26,0:27:39,0:27:39,81.04,8:28,508.0,3:43,223.0,,,,,,False,,,,,,,True
3114830929,Speed,Run,2020-02-19T21:16:24Z,3.0,0:24:44,0:24:44,0.0,8:14,494.0,,,,,,,,False,,,,,,,True
3105769059,Survived with Tat,Run,2020-02-16T15:53:10Z,10.64,1:32:25,1:32:25,329.72,8:41,521.0,5:15,315.0,,,,,,False,,,,,,,True
3102770735,Shaking out the cobwebs,Run,2020-02-15T18:32:59Z,3.0,0:29:40,0:29:40,0.0,9:53,593.0,,,,,,,,False,,,,,,,True
3089170027,Hills,Run,2020-02-10T21:44:05Z,5.21,0:44:43,0:44:43,476.05,8:34,514.0,5:15,315.0,,,,,,False,,,,,,,True
3083162557,Morning Run,Run,2020-02-08T15:30:16Z,13.01,1:48:25,1:48:25,550.52,8:19,499.0,5:42,342.0,,,,,,False,,,,,,,True
3075354665,Frustrated,Run,2020-02-05T22:44:36Z,4.11,0:32:02,0:32:02,132.87,7:47,467.0,4:47,287.0,,,,,,False,,,,,,,True
3072052639,Speed,Run,2020-02-04T20:13:51Z,4.1,0:34:51,0:34:51,0.0,8:29,509.0,,,,,,,,False,,,,,,,True
3063238050,Afternoon Run,Run,2020-02-01T19:15:52Z,10.37,1:24:58,1:24:58,500.66,8:11,491.0,5:03,303.0,,,,,,False,,,,,,,True
3060071485,Tmill,Run,2020-01-31T20:00:50Z,3.0,0:27:58,0:27:58,0.0,9:19,559.0,,,,,,,,False,,,,,,,True
3054885399,"So cold,so windy",Run,2020-01-29T21:02:55Z,5.08,0:38:28,0:38:28,105.64,7:34,454.0,4:23,263.0,,,,,,False,,,,,,,True
3051931135,Speed + extra,Run,2020-01-28T21:06:54Z,3.0,0:26:55,0:26:55,0.0,8:58,538.0,,,,,,,,False,,,,,,,True
3045694788,Run straight to Whole Foods breakfast bar,Run,2020-01-26T15:19:49Z,4.98,0:41:31,0:41:31,208.66,8:19,499.0,4:37,277.0,,,,,,False,,,,,,,True
3045463156,Run with Margo!,Run,2020-01-26T14:01:58Z,6.3,0:54:28,0:54:28,261.15,8:39,519.0,5:35,335.0,,,,,,False,,,,,,,True
3039431550,Lunch Run,Run,2020-01-24T16:19:48Z,5.06,0:40:42,0:40:42,104.66,8:02,482.0,4:19,259.0,,,,,,False,,,,,,,True
3034001431,Lunch run with Zach,Run,2020-01-22T16:36:38Z,3.6,0:28:44,0:28:44,68.9,7:58,478.0,4:07,247.0,,,,,,False,,,,,,,True
3031701969,Fartlek,Run,2020-01-21T19:46:51Z,3.1,0:27:12,0:27:12,0.0,8:46,526.0,,,,,,,,False,,,,,,,True
3025811292,Run with Tat,Run,2020-01-19T15:16:20Z,9.43,1:23:13,1:23:13,293.64,8:49,529.0,4:42,282.0,149.6,164.0,14.4,12.5,74.1,False,,12.0,2196.0,2685.0,41.0,0.0,True
3017635465,Hills,Run,2020-01-16T21:34:55Z,3.63,0:31:41,0:31:41,266.73,8:43,523.0,4:58,298.0,,,,,,False,,,,,,,True
3011597292,Speed,Run,2020-01-14T20:20:11Z,4.0,0:34:01,0:34:01,0.0,8:30,510.0,,,,,,,,False,,,,,,,True
3002002704,Run with Margo 😊,Run,2020-01-11T14:46:13Z,10.0,1:26:05,1:26:05,159.12,8:36,516.0,5:28,328.0,,,,,,False,,,,,,,True
2999612379,Afternoon Run,Run,2020-01-10T21:38:18Z,3.25,0:25:33,0:25:33,76.44,7:52,472.0,4:07,247.0,,,,,,False,,,,,,,True
2997239247,Tmill hills (plus lost CrossFit),Run,2020-01-09T22:57:44Z,2.0,0:18:15,0:18:15,0.0,9:07,547.0,,,,,,,,False,,,,,,,True
2991335188,Speed,Run,2020-01-07T21:10:09Z,3.8,0:33:43,0:33:43,0.0,8:52,532.0,,,,,,,,False,,,,,,,True
2985187912,Running with Tat,Run,2020-01-05T15:55:28Z,8.67,1:15:46,1:15:46,350.72,8:44,524.0,4:32,272.0,,,,,,False,,,,,,,True
2979130814,Afternoon Run,Run,2020-01-03T19:43:47Z,3.08,0:23:23,0:23:23,62.99,7:35,455.0,3:49,229.0,,,,,,False,,,,,,,True
2971162328,NYE prep with Zach,Run,2019-12-31T17:24:25Z,4.34,0:35:33,0:35:33,231.3,8:11,491.0,3:40,220.0,,,,,,False,,,,,,,True
2968313916,Tmill fartlek,Run,2019-12-30T17:01:58Z,3.2,0:29:03,0:29:03,0.0,9:04,544.0,,,,,,,,False,,,,,,,True
2962937912,Long run with Margo and Tat!!,Run,2019-12-28T14:42:32Z,7.12,1:04:05,1:04:05,120.08,8:59,539.0,4:52,292.0,,,,,,False,,,,,,,True
2958254503,Afternoon Run,Run,2019-12-26T18:01:32Z,3.44,0:29:57,0:29:57,171.92,8:42,522.0,5:09,309.0,,,,,,False,,,,,,,True
2953645664,Insomnia- day six,Run,2019-12-24T13:57:23Z,5.76,0:49:54,0:49:54,266.4,8:39,519.0,5:15,315.0,,,,,,False,,,,,,,True
2939827105,Treadmill on a snowy day,Run,2019-12-17T21:26:43Z,3.2,0:30:00,0:30:00,0.0,9:22,562.0,,,,,,,,False,,,,,,,True
2935252218,Run with Tat 😊,Run,2019-12-15T15:14:34Z,7.04,1:06:22,1:06:22,222.11,9:25,565.0,5:57,357.0,150.4,174.0,20.7,14.8,56.8,False,,129.0,1273.0,1367.0,1039.0,0.0,True
2930743262,It’s summah!,Run,2019-12-13T20:16:05Z,3.44,0:27:00,0:27:00,72.51,7:50,470.0,4:03,243.0,,,,,,False,,,,,,,True
2927132850,Treadmills are booooooring,Run,2019-12-11T22:07:27Z,2.2,0:21:00,0:21:00,0.0,9:32,572.0,,,,,,,,False,,,,,,,True
2913915475,Afternoon Run,Run,2019-12-05T22:21:27Z,4.1,0:35:27,0:35:27,141.73,8:38,518.0,6:05,365.0,,,,,,False,,,,,,,True
2909569420,"Treadmill tempo, minus warmup",Run,2019-12-03T23:12:35Z,1.8,0:15:20,0:15:20,0.0,8:31,511.0,,,,,,,,False,,,,,,,True
2893759290,Speed,Run,2019-11-26T21:05:11Z,3.5,0:30:00,0:30:00,0.0,8:34,514.0,,,,,,,,False,,,,,,,True
2885834676,Run with Tat!,Run,2019-11-23T15:56:54Z,4.36,0:39:43,0:39:43,230.64,9:06,546.0,4:15,255.0,,,,,,False,,,,,,,True
2877345520,Speed,Run,2019-11-19T22:05:57Z,3.4,0:29:16,0:29:16,0.0,8:36,516.0,,,,,,,,False,,,,,,,True
2869740934,Afternoon Run,Run,2019-11-16T19:50:12Z,4.68,0:39:49,0:39:49,252.62,8:30,510.0,6:23,383.0,,,,,,False,,,,,,,True
2863208391,Nike speed - minus warmup,Run,2019-11-13T22:44:18Z,2.1,0:18:00,0:18:00,0.0,8:34,514.0,,,,,,,,False,,,,,,,True
2858344599,Afternoon Run,Run,2019-11-11T20:29:23Z,4.15,0:34:37,0:34:37,127.3,8:19,499.0,4:58,298.0,,,,,,False,,,,,,,True
2852543866,Hot cider hustle official 38:31,Run,2019-11-09T13:25:09Z,5.15,0:39:02,0:39:02,112.53,7:35,455.0,3:56,236.0,,,,,,True,Other,,,,,,True
2838583059,Oceanview half - official 1:58;42,Run,2019-11-03T14:30:37Z,13.09,1:54:24,1:54:24,559.38,9:18,558.0,5:28,328.0,,,,,,True,Half,,,,,,True
2824650085,Afternoon Run,Run,2019-10-28T21:45:43Z,2.72,0:24:29,0:24:29,116.8,9:00,540.0,5:42,342.0,,,,,,False,,,,,,,True
2796958396,Everything’s still pretty tight,Run,2019-10-17T22:09:15Z,3.3,0:30:08,0:30:08,208.99,9:08,548.0,5:03,303.0,,,,,,False,,,,,,,True
2785695301,NE Harvest Half official 1:56:38,Run,2019-10-13T11:35:41Z,12.8,1:52:14,1:52:14,499.02,10:13,613.0,5:15,315.0,,,,,,True,Half,,,,,,True
2712209499,Was supposed to be much longer..,Run,2019-09-15T19:18:47Z,3.09,0:27:09,0:27:09,172.57,8:47,527.0,5:49,349.0,,,,,,False,,,,,,,True
2700033794,"Foiled by Zach again, plus auto pause fails",Run,2019-09-11T18:07:53Z,3.08,0:31:05,0:31:05,89.9,10:04,604.0,2:47,167.0,,,,,,False,,,,,,,True
2697181447,Zach’s stomach “hurt”,Run,2019-09-10T18:18:12Z,1.34,0:10:43,0:10:43,42.65,7:59,479.0,3:13,193.0,148.6,170.0,19.0,3.2,13.8,False,,46.0,338.0,137.0,69.0,0.0,True
2687530606,Tatchelorette half,Run,2019-09-07T12:05:47Z,13.38,1:58:24,1:58:24,487.86,8:50,530.0,5:28,328.0,,,,,,False,,,,,,,True
2684603721,Strava missed the rest of my run 😩,Run,2019-09-06T12:27:40Z,1.01,0:08:33,0:08:33,54.79,8:26,506.0,5:28,328.0,,,,,,False,,,,,,,True
2671361864,Need more endurance work,Run,2019-09-01T15:41:24Z,10.0,1:29:08,1:29:08,421.92,8:54,534.0,2:01,121.0,,,,,,False,,,,,,,True
2663225462,Evening Run,Run,2019-08-29T22:13:23Z,6.64,0:55:01,0:55:01,226.05,8:17,497.0,3:49,229.0,,,,,,False,,,,,,,True
2654406384,New shoes!!,Run,2019-08-26T22:40:43Z,3.56,0:29:08,0:29:08,208.01,8:10,490.0,3:53,233.0,,,,,,False,,,,,,,True
2639852443,Humid,Run,2019-08-21T22:48:20Z,3.58,0:29:52,0:29:52,202.1,8:21,501.0,4:19,259.0,,,,,,False,,,,,,,True
2627226487,Slowing Tat down,Run,2019-08-17T14:24:11Z,10.01,1:27:53,1:27:53,390.75,8:46,526.0,4:28,268.0,,,,,,False,,,,,,,True
2604627969,First 400,Run,2019-08-09T15:37:46Z,0.41,0:03:20,0:03:20,0.0,8:10,490.0,6:05,365.0,,,,,,False,,,,,,,True
2604632863,5x400,Run,2019-08-08T20:41:22Z,2.4,19:41:00,19:41:00,0.0,487:40:00,,,,,,,,,False,,,,,,,True
2599993312,Recovery,Run,2019-08-07T21:59:38Z,2.78,0:24:52,0:24:52,97.77,8:55,535.0,2:31,151.0,,,,,,False,,,,,,,True
2597041584,Tempo,Run,2019-08-06T21:16:45Z,5.14,0:39:32,0:39:32,212.6,7:41,461.0,1:58,118.0,,,,,,False,,,,,,,True
2594297822,Recovery run,Run,2019-08-05T23:37:58Z,2.78,0:25:26,0:25:26,57.41,9:09,549.0,2:33,153.0,,,,,,False,,,,,,,True
2590967868,Run to Dorchester brewing,Run,2019-08-04T15:44:00Z,6.41,0:56:46,0:56:46,238.52,8:50,530.0,4:37,277.0,,,,,,False,,,,,,,True
2582675690,NRC Benchmark,Run,2019-08-01T19:59:52Z,1.71,0:15:12,0:15:12,30.18,8:54,534.0,3:26,206.0,,,,,,False,,,,,,,True
2579891665,Evening Run,Run,2019-07-31T22:25:53Z,3.51,0:29:47,0:29:47,208.01,8:28,508.0,2:22,142.0,,,,,,False,,,,,,,True
2571456640,Afternoon Run,Run,2019-07-28T21:24:41Z,5.48,0:56:50,0:56:50,502.95,10:22,622.0,4:00,240.0,,,,,,False,,,,,,,True
2582675938,Forest Hills - Jamaica Plain,Run,2019-07-25T22:56:02Z,0.44,0:03:37,0:03:37,15.09,8:09,489.0,3:49,229.0,154.0,164.0,0.0,0.0,3.7,False,,0.0,64.0,153.0,0.0,0.0,True
2582675893,Forest Hills,Run,2019-07-25T22:48:07Z,0.57,0:04:45,0:04:45,0.0,8:19,499.0,5:15,315.0,,,,,,False,,,,,,,True
2582675915,Thursday Evening Run,Run,2019-07-25T22:29:43Z,1.7,0:14:28,0:14:28,26.57,8:29,509.0,5:21,321.0,,,,,,False,,,,,,,True
2557780164,Evening Run,Run,2019-07-23T22:43:46Z,3.28,0:27:29,0:27:29,198.49,8:22,502.0,3:13,193.0,,,,,,False,,,,,,,True
2551127755,Water boarding run,Run,2019-07-21T13:42:27Z,5.18,0:56:48,0:56:48,449.48,10:58,658.0,2:09,129.0,,,,,,False,,,,,,,True
2549033896,Speed,Run,2019-07-20T20:54:38Z,2.9,0:23:00,0:23:00,0.0,7:55,475.0,,,,,,,,False,,,,,,,True
2545137521,Getting it in before heat stroke o’clock,Run,2019-07-19T11:49:27Z,3.66,0:30:46,0:30:46,203.74,8:24,504.0,4:03,243.0,,,,,,False,,,,,,,True
2539352526,Still 😖 from Monday,Run,2019-07-17T09:31:52Z,3.59,0:30:57,0:30:57,210.96,8:36,516.0,4:19,259.0,,,,,,False,,,,,,,True
2528231227,Jill and Norm’s big day!!  🎊🥂,Run,2019-07-13T12:03:16Z,3.52,0:29:54,0:29:54,190.62,8:29,509.0,6:05,365.0,,,,,,False,,,,,,,True
2522674817,Poorly timed but something,Run,2019-07-11T09:28:51Z,1.86,0:16:11,0:16:11,69.55,8:42,522.0,3:11,191.0,,,,,,False,,,,,,,True
2511830784,Out-of-shape hike/run,Run,2019-07-07T12:16:48Z,4.82,0:46:50,0:46:50,459.97,9:42,582.0,5:42,342.0,,,,,,False,,,,,,,True
2496345622,Somethings very wrong with my GPS,Run,2019-07-01T21:32:23Z,3.0,0:30:49,0:30:49,188.65,10:16,616.0,3:31,211.0,,,,,,False,,,,,,,True
2490742291,Afternoon Run,Run,2019-06-29T18:25:24Z,4.44,0:42:40,0:42:40,306.76,9:37,577.0,4:19,259.0,,,,,,False,,,,,,,True
2485605610,School’s out! Really wasn’t feeling it today,Run,2019-06-27T18:52:40Z,3.29,0:32:42,0:32:42,254.59,9:56,596.0,5:28,328.0,,,,,,False,,,,,,,True
2480569795,So much humid,Run,2019-06-25T21:28:19Z,5.1,0:45:58,0:45:58,337.93,9:01,541.0,3:43,223.0,,,,,,False,,,,,,,True
2473736333,Lungs feeling like shit again.. remember to take inhalers 😬,Run,2019-06-23T11:34:04Z,3.01,0:26:41,0:26:41,191.93,8:52,532.0,4:23,263.0,,,,,,False,,,,,,,True
2454588627,Cape run with Margo and Tat!,Run,2019-06-16T11:15:09Z,4.03,0:38:55,0:38:55,109.58,9:39,579.0,6:32,392.0,150.4,167.0,12.1,5.8,41.9,False,,157.0,551.0,1294.0,279.0,0.0,True
2436870590,"The dream team - Trail run with Margo,Tat and Lemon!",Run,2019-06-09T14:53:37Z,3.86,0:44:51,0:44:51,545.93,11:37,697.0,6:52,412.0,148.4,169.0,27.4,19.6,51.8,False,,116.0,1161.0,1021.0,300.0,0.0,True
2431049230,First time using Nike app speed run,Run,2019-06-07T15:25:52Z,3.1,0:25:41,0:25:41,0.0,8:17,497.0,,,,,,,,False,,,,,,,True
2425615603,Sore & Forever coughing,Run,2019-06-05T13:37:21Z,4.01,0:34:43,0:34:43,146.0,8:39,519.0,4:52,292.0,164.3,180.0,3.0,1.1,37.3,False,,0.0,250.0,369.0,1398.0,5.0,True
2418849504,Afternoon Run,Run,2019-06-02T20:23:48Z,3.38,0:30:59,0:30:59,205.05,9:09,549.0,3:31,211.0,166.4,183.0,1.9,0.7,34.5,False,,26.0,52.0,460.0,1261.0,15.0,True
2399345430,Trail run with Preggo and Kristen,Run,2019-05-26T15:17:20Z,2.46,0:30:15,0:30:15,187.66,12:18,738.0,7:39,459.0,139.7,165.0,48.8,18.3,19.2,False,,190.0,994.0,478.0,26.0,0.0,True
2387703962,Morning Run,Run,2019-05-22T11:16:32Z,3.56,0:31:50,0:31:50,205.38,8:56,536.0,4:11,251.0,,,,,,False,,,,,,,True
2380873798,Harpoon 5 miler,Run,2019-05-19T14:03:53Z,4.92,0:39:06,0:39:06,111.88,7:56,476.0,5:03,303.0,168.7,178.0,0.0,0.0,40.1,True,5M,0.0,41.0,56.0,2227.0,0.0,True
2372733058,First run with Obi,Run,2019-05-16T16:04:52Z,2.41,0:23:27,0:23:27,243.11,9:42,582.0,4:52,292.0,,,,,,False,,,,,,,True
2368143632,Afternoon Run,Run,2019-05-14T21:21:49Z,3.09,0:27:56,0:27:56,199.48,9:02,542.0,3:34,214.0,,,,,,False,,,,,,,True
2346726744,Afternoon Run,Run,2019-05-01T21:23:05Z,3.52,0:34:49,0:34:49,121.06,9:53,593.0,4:11,251.0,169.1,174.0,9.1,4.0,39.8,False,,184.0,0.0,0.0,1781.0,0.0,True
2325926286,Morning Run,Run,2019-04-28T12:01:45Z,13.27,2:06:44,2:06:44,570.54,9:33,573.0,5:57,357.0,165.1,182.0,0.5,0.6,126.1,True,Half,0.0,558.0,2780.0,3980.0,235.0,True
2295399655,Evening Run,Run,2019-04-16T22:30:23Z,3.42,0:31:10,0:31:10,205.05,9:06,546.0,4:42,282.0,,,,,,False,,,,,,,True
2290618700,Afternoon Run,Run,2019-04-14T21:20:04Z,3.61,0:33:45,0:33:45,188.65,9:20,560.0,3:04,184.0,,,,,,False,,,,,,,True
2265582758,Afternoon Run,Run,2019-04-04T18:13:35Z,3.01,0:26:20,0:26:20,91.21,8:44,524.0,5:42,342.0,141.5,177.0,63.5,19.4,11.1,False,,168.0,803.0,0.0,555.0,0.0,True
2237610253,Long run with Tat!,Run,2019-03-24T14:26:40Z,8.29,1:18:50,1:18:50,477.36,9:30,570.0,5:35,335.0,163.0,178.0,4.2,3.6,83.3,False,,88.0,371.0,1405.0,2742.0,0.0,True
2230512195,Afternoon Run,Run,2019-03-21T21:59:00Z,3.01,0:27:07,0:27:07,128.94,9:01,541.0,6:23,383.0,157.9,174.0,10.7,3.3,27.2,False,,0.0,187.0,803.0,604.0,0.0,True
2217864995,Yay! Run with Tat!,Run,2019-03-16T17:39:26Z,6.01,0:56:14,0:56:14,203.74,9:20,560.0,5:35,335.0,166.3,181.0,10.4,6.7,57.1,False,,54.0,392.0,598.0,1670.0,553.0,True
2211754432,Auto pause fail,Run,2019-03-13T22:20:44Z,3.45,0:36:37,0:36:37,63.32,10:35,635.0,5:49,349.0,139.9,170.0,67.8,24.6,11.7,False,,362.0,929.0,185.0,453.0,0.0,True
2167893271,I did an exercise!,Run,2019-02-22T22:09:41Z,2.86,0:29:19,0:29:19,132.55,10:15,615.0,6:05,365.0,,,,,,False,,,,,,,True
2074190785,Run to REI,Run,2019-01-12T17:42:29Z,3.04,0:28:50,0:28:50,92.19,9:30,570.0,5:57,357.0,164.9,191.0,7.2,2.4,31.3,False,,92.0,68.0,335.0,1054.0,81.0,True
2069817420,Afternoon Run,Run,2019-01-10T21:13:13Z,4.08,0:37:15,0:37:15,136.48,9:07,547.0,5:35,335.0,,,,,,False,,,,,,,True
2063203761,With Margo & Tat 💜,Run,2019-01-07T23:14:06Z,3.55,0:33:29,0:33:29,57.74,9:25,565.0,5:42,342.0,163.8,182.0,8.8,3.5,35.6,False,,0.0,409.0,300.0,1124.0,123.0,True
2032928039,Lunch Run,Run,2018-12-24T10:14:22Z,4.47,0:39:36,0:39:36,113.19,8:52,532.0,5:28,328.0,158.4,171.0,4.5,1.8,37.8,False,,0.0,363.0,1253.0,755.0,0.0,True
2030432869,Somehow my 5 mile loop is now 4 miles,Run,2018-12-22T22:06:20Z,4.0,0:35:52,0:35:52,0.0,8:58,538.0,,,,,,,,False,,,,,,,True
2016986416,GPS a bit messed up,Run,2018-12-14T16:55:01Z,2.72,0:24:34,0:24:34,80.38,9:02,542.0,6:05,365.0,166.5,173.0,0.0,0.0,76.3,False,,0.0,13.0,206.0,1214.0,0.0,True
2014405547,With Tat and Margo!!,Run,2018-12-12T22:46:00Z,4.68,0:44:58,0:44:58,128.61,9:36,576.0,6:05,365.0,149.8,169.0,16.5,8.1,41.1,False,,163.0,581.0,1627.0,269.0,0.0,True
1997901597,Could’ve sworn it was longer,Run,2018-12-03T12:30:51Z,2.35,0:21:13,0:21:13,120.73,9:01,541.0,5:42,342.0,155.3,177.0,14.6,3.6,21.4,False,,30.0,209.0,721.0,258.0,0.0,True
1991857401,Afternoon Run,Run,2018-11-29T22:27:36Z,3.0,0:27:56,0:27:56,133.86,9:18,558.0,6:14,374.0,,,,,,False,,,,,,,True
1986709551,Afternoon Run,Run,2018-11-26T22:14:11Z,3.05,0:27:13,0:27:13,123.69,8:55,535.0,4:23,263.0,159.6,188.0,13.7,4.1,26.1,False,,,,,,,False
1959484822,Hammie’s too tight,Run,2018-11-11T18:42:25Z,1.92,0:16:43,0:16:43,94.82,8:42,522.0,5:42,342.0,176.5,192.0,5.9,1.4,22.5,False,,,,,,,False
1951931404,Windyyyy,Run,2018-11-07T16:16:06Z,3.6,0:31:33,0:31:33,89.9,8:45,525.0,3:29,209.0,168.2,185.0,12.7,4.7,32.3,False,,,,,,,False
1945730365,More of a hike,Run,2018-11-04T14:17:19Z,3.16,0:39:36,0:39:36,264.76,12:32,752.0,6:32,392.0,130.5,172.0,56.4,26.3,20.3,False,,,,,,,False
1942108722,Afternoon Run,Run,2018-11-02T21:49:55Z,5.33,0:51:45,0:51:45,147.64,9:42,582.0,3:46,226.0,155.1,176.0,7.2,4.8,61.2,False,,,,,,,False
1938458112,Ending my lazy streak,Run,2018-10-31T21:41:04Z,3.09,0:28:02,0:28:02,123.36,9:05,545.0,6:05,365.0,165.4,190.0,0.0,0.0,33.0,False,,,,,,,False
1918786088,Newburyport half relay,Run,2018-10-21T13:08:41Z,6.58,0:53:56,0:53:56,273.95,8:11,491.0,3:11,191.0,,,,,,False,,,,,,,False
1914904450,Afternoon Run,Run,2018-10-19T19:05:31Z,2.62,0:24:44,0:24:44,73.16,9:25,565.0,5:28,328.0,158.8,176.0,8.5,2.5,27.1,False,,,,,,,False
1888148685,Grand Canyon Half - the one where I fell and gave myself an enormous Charlie-horse,Run,2018-10-06T13:30:17Z,13.66,2:59:17,2:59:17,1507.22,15:00,900.0,7:03,423.0,,,,,,True,Half,,,,,,False
1885802337,Zion half - trailfest day 2,Run,2018-10-05T13:31:59Z,11.64,2:23:48,2:23:48,809.38,12:25,745.0,6:05,365.0,,,,,,True,Half,,,,,,False
1884097077,Bryce Canyon Half - when your lungs barely work at sea level,Run,2018-10-04T14:17:36Z,13.65,2:59:02,2:59:02,2305.77,15:13,913.0,4:28,268.0,,,,,,True,Half,,,,,,False
1871652221,Afternoon Run,Run,2018-09-28T20:18:58Z,3.45,0:30:05,0:30:05,136.15,8:43,523.0,5:49,349.0,151.7,172.0,17.5,7.1,33.6,False,,,,,,,False
1869940668,Deerfoot dash,Run,2018-09-27T21:48:58Z,4.1,0:39:30,0:39:30,0.0,9:38,578.0,,,,,,,,False,,,,,,,False
1861574755,I need to find another loop,Run,2018-09-23T17:57:55Z,9.52,1:32:36,1:32:36,890.75,9:43,583.0,5:15,315.0,,,,,,False,,,,,,,False
1857024060,Better new shoes,Run,2018-09-21T22:02:21Z,5.39,0:46:22,0:46:22,467.19,8:35,515.0,3:16,196.0,,,,,,False,,,,,,,False
1850897356,Deerfoot dash,Run,2018-09-18T21:34:21Z,4.9,0:46:00,0:46:00,0.0,9:23,563.0,,,,,,,,False,,,,,,,False
1845736126,Forest Path loop,Run,2018-09-16T13:49:17Z,5.12,0:45:01,0:45:01,440.94,8:47,527.0,3:11,191.0,,,,,,False,,,,,,,False
1841731280,Run to dinner,Run,2018-09-14T22:29:42Z,3.67,0:30:25,0:30:25,146.98,8:17,497.0,5:49,349.0,,,,,,False,,,,,,,False
1837701078,Killer 3s,Run,2018-09-12T21:52:44Z,3.3,0:30:54,0:30:54,0.0,9:21,561.0,,,,,,,,False,,,,,,,False
1830231877,Salem road race 10k,Run,2018-09-09T14:00:40Z,6.13,0:47:40,0:47:40,166.99,7:46,466.0,3:43,223.0,,,,,,True,10k,,,,,,False
1826202597,Afternoon Run,Run,2018-09-07T21:54:58Z,4.0,0:32:11,0:32:11,143.7,8:02,482.0,5:09,309.0,159.2,179.0,6.2,2.2,33.1,False,,,,,,,False
1819970563,To grocery,Run,2018-09-04T22:57:47Z,2.24,0:19:16,0:19:16,125.0,8:36,516.0,5:49,349.0,146.3,176.0,35.5,9.1,16.6,False,,,,,,,False
1816543795,"New hood, new trails, new shoes",Run,2018-09-03T13:09:51Z,4.14,0:43:34,0:43:34,768.37,10:30,630.0,6:23,383.0,,,,,,False,,,,,,,False
1809526739,Morning Run,Run,2018-08-31T10:44:24Z,4.17,0:35:55,0:35:55,152.89,8:36,516.0,5:49,349.0,152.9,162.0,12.2,4.6,33.2,False,,,,,,,False
1806301439,Trueform,Run,2018-08-29T21:17:57Z,3.0,0:29:06,0:29:06,0.0,9:42,582.0,,,,,,,,False,,,,,,,False
1800496001,Too much fun this weekend,Run,2018-08-27T10:24:32Z,2.38,0:21:33,0:21:33,113.52,9:02,542.0,4:47,287.0,137.6,159.0,54.1,15.6,13.3,False,,,,,,,False
1793169930,Running back for packages,Run,2018-08-23T22:09:25Z,4.81,0:43:07,0:43:07,136.15,8:58,538.0,5:57,357.0,154.6,174.0,15.2,7.5,42.0,False,,,,,,,False
1787102523,I might have run into a pole,Run,2018-08-21T11:02:30Z,0.57,0:05:44,0:05:44,0.0,10:00,600.0,6:05,365.0,147.3,160.0,19.0,1.3,5.4,False,,,,,,,False
1787102507,Run to ignite,Run,2018-08-21T10:14:09Z,0.78,0:07:17,0:07:17,54.79,9:22,562.0,6:32,392.0,149.4,161.0,19.8,1.4,5.9,False,,,,,,,False
1770308433,Moving pains,Run,2018-08-13T22:36:18Z,3.01,0:26:28,0:26:28,122.38,8:47,527.0,5:42,342.0,144.2,158.0,29.0,7.6,18.7,False,,,,,,,False
1759388900,Killer 3s,Run,2018-08-08T21:40:54Z,3.3,0:31:28,0:31:28,0.0,9:32,572.0,,,,,,,,False,,,,,,,False
1754856399,Deerfoot dash,Run,2018-08-06T22:28:16Z,5.3,0:49:01,0:49:01,0.0,9:14,554.0,,,,,,,,False,,,,,,,False
1750170409,"Ragnar - red loop (missing end,watch died) - leg 3",Run,2018-08-04T16:32:53Z,6.93,1:45:38,1:45:38,1088.58,15:14,914.0,6:23,383.0,150.1,173.0,15.2,15.9,89.0,False,,,,,,,False
1750152487,Ragnar green loop - leg 2,Run,2018-08-04T10:29:40Z,3.51,0:42:14,0:42:14,506.23,12:01,721.0,5:49,349.0,154.3,179.0,4.6,2.1,44.2,False,,,,,,,False
1750012258,Ragnar yellow loop - loop 1,Run,2018-08-03T22:50:08Z,4.51,0:49:29,0:49:29,785.1,10:57,657.0,3:40,220.0,162.2,173.0,0.0,0.0,55.1,False,,,,,,,False
1742981360,Afternoon Run,Run,2018-08-01T17:20:23Z,5.36,0:51:48,0:51:48,597.77,9:40,580.0,4:52,292.0,,,,,,False,,,,,,,False
1733508782,Skyline,Run,2018-07-28T13:36:56Z,5.01,0:58:15,0:58:15,978.67,11:37,697.0,6:05,365.0,,,,,,False,,,,,,,False
1726707344,Morning Run,Run,2018-07-25T11:05:45Z,5.02,0:50:00,0:50:00,594.16,9:57,597.0,6:14,374.0,,,,,,False,,,,,,,False
1723378887,Deerfoot dash,Run,2018-07-23T22:34:31Z,4.8,0:44:42,0:44:42,0.0,9:18,558.0,,,,,,,,False,,,,,,,False
1718636868,New hydration pack is da bomb,Run,2018-07-21T20:55:50Z,5.14,0:50:50,0:50:50,599.74,9:53,593.0,5:35,335.0,,,,,,False,,,,,,,False
1714146979,Deerfoot dash,Run,2018-07-19T21:35:10Z,4.5,0:42:51,0:42:51,0.0,9:31,571.0,,,,,,,,False,,,,,,,False
1711881009,Run with Tat!,Run,2018-07-18T20:54:27Z,3.34,0:30:02,0:30:02,29.53,8:59,539.0,5:49,349.0,158.0,172.0,6.1,2.0,30.4,False,,,,,,,False
1705035817,Afternoon Run,Run,2018-07-15T18:11:36Z,2.48,0:24:26,0:24:26,188.32,9:51,591.0,5:21,321.0,163.0,174.0,2.2,0.6,28.2,False,,,,,,,False
1702950542,Afternoon Run,Run,2018-07-14T17:34:27Z,3.04,0:27:42,0:27:42,116.47,9:06,546.0,5:03,303.0,149.2,168.0,19.6,6.8,28.1,False,,,,,,,False
1684407224,Killer 3s,Run,2018-07-06T11:44:30Z,3.1,0:29:21,0:29:21,0.0,9:28,568.0,,,,,,,,False,,,,,,,False
1680117163,Hingham 4th of July 🗽,Run,2018-07-04T11:31:12Z,4.5,0:35:26,0:35:26,0.0,7:52,472.0,,,,,,,,True,5k,,,,,,False
1675776809,Walking through your spiderwebs,Run,2018-07-02T09:54:15Z,5.65,0:54:59,0:54:59,612.86,9:44,584.0,2:42,162.0,,,,,,False,,,,,,,False
1667360287,Morning Run,Run,2018-06-28T09:49:25Z,3.44,0:34:35,0:34:35,366.8,10:03,603.0,3:37,217.0,,,,,,False,,,,,,,False
1662346757,Evening Run,Run,2018-06-25T22:44:16Z,1.29,0:11:39,0:11:39,53.15,9:02,542.0,5:15,315.0,145.2,185.0,23.7,3.8,12.2,False,,,,,,,False
1657015863,Fells with Margo!,Run,2018-06-23T13:53:06Z,5.61,0:59:54,0:59:54,594.16,10:40,640.0,5:49,349.0,158.0,181.0,9.6,6.4,60.0,False,,,,,,,False
1655557925,Killer 3s,Run,2018-06-22T21:50:35Z,3.1,0:29:50,0:29:50,0.0,9:37,577.0,,,,,,,,False,,,,,,,False
1653836204,Power 60,Run,2018-06-21T22:54:48Z,4.2,0:39:44,0:39:44,0.0,9:27,567.0,,,,,,,,False,,,,,,,False
1651825538,Run -> partner injured -> hike with mosquitoes,Run,2018-06-20T22:09:54Z,3.3,0:34:56,0:34:56,371.39,10:35,635.0,5:49,349.0,151.5,174.0,26.3,11.5,32.4,False,,,,,,,False
1647355746,Interrupted by lightning,Run,2018-06-18T23:05:34Z,1.23,0:10:42,0:10:42,30.51,8:40,520.0,5:49,349.0,147.8,160.0,25.8,2.9,8.4,False,,,,,,,False
1645505512,Never gets old,Run,2018-06-17T21:11:33Z,5.97,0:58:38,0:58:38,670.6,9:49,589.0,3:09,189.0,,,,,,False,,,,,,,False
1642766691,Allergies 😑 - trail run turns to trail hike,Run,2018-06-16T18:24:27Z,2.41,0:19:55,0:19:55,151.57,8:14,494.0,4:58,298.0,,,,,,False,,,,,,,False
1636953174,Humidity and mosquitoes,Run,2018-06-13T21:12:54Z,5.26,0:49:45,0:49:45,584.32,9:27,567.0,4:00,240.0,,,,,,False,,,,,,,False
1630820178,Trail race training begins,Run,2018-06-10T21:28:04Z,5.47,0:56:56,0:56:56,594.49,10:24,624.0,5:28,328.0,154.3,171.0,6.9,4.8,64.2,False,,,,,,,False
1625770995,Afternoon Run,Run,2018-06-08T20:07:38Z,3.01,0:27:12,0:27:12,66.27,9:02,542.0,4:58,298.0,147.9,167.0,20.7,8.5,32.5,False,,,,,,,False
1622038014,Global running day with Margo,Run,2018-06-06T22:14:44Z,5.03,0:41:25,0:41:25,38.39,8:13,493.0,2:51,171.0,165.9,184.0,3.9,2.0,51.0,False,,,,,,,False
1607694682,Still so sore,Run,2018-05-31T11:13:28Z,2.73,0:24:40,0:24:40,26.25,9:01,541.0,4:47,287.0,,,,,,False,,,,,,,False
1600023502,Lunch Run,Run,2018-05-27T16:00:25Z,5.21,0:48:11,0:48:11,570.54,9:14,554.0,4:58,298.0,,,,,,False,,,,,,,False
1597400083,Lunch Run,Run,2018-05-26T15:11:16Z,1.06,0:09:34,0:09:34,77.43,9:02,542.0,4:07,247.0,,,,,,False,,,,,,,False
1590541093,Killer 3s,Run,2018-05-23T10:22:16Z,2.7,0:26:14,0:26:14,0.0,9:42,582.0,,,,,,,,False,,,,,,,False
1587712859,Evening Run,Run,2018-05-21T23:08:09Z,3.02,0:25:04,0:25:04,12.14,8:18,498.0,4:47,287.0,148.5,176.0,29.8,10.2,23.9,False,,,,,,,False
1582131142,Martha’s vineyard marathon - first race I’ve ever dropped out of,Run,2018-05-19T12:37:45Z,13.24,1:55:16,1:55:16,197.83,8:42,522.0,4:32,272.0,158.6,175.0,3.1,3.5,110.5,True,Half,,,,,,False
1576826308,Evening Run,Run,2018-05-16T22:14:16Z,3.01,0:24:19,0:24:19,12.14,8:04,484.0,5:15,315.0,147.6,173.0,36.6,9.6,16.7,False,,,,,,,False
1574635625,Deerfoot dash,Run,2018-05-15T21:15:00Z,4.8,0:46:13,0:46:13,0.0,9:37,577.0,,,,,,,,False,,,,,,,False
1572498200,Evening Run,Run,2018-05-14T22:49:32Z,3.19,0:27:00,0:27:00,143.04,8:28,508.0,5:49,349.0,155.9,179.0,26.6,9.6,26.4,False,,,,,,,False
1566149175,Final Ragnar leg!!,Run,2018-05-12T05:37:40Z,4.51,0:37:43,0:37:43,98.75,8:21,501.0,5:49,349.0,160.3,182.0,0.0,0.0,37.7,False,,,,,,,False
1565646097,Ragnar leg 2,Run,2018-05-11T20:51:45Z,3.24,0:24:08,0:24:08,68.24,7:26,446.0,5:35,335.0,164.9,181.0,0.0,0.0,24.5,False,,,,,,,False
1564323824,Ragnar leg 1!,Run,2018-05-11T11:09:24Z,4.96,0:40:37,0:40:37,253.94,8:10,490.0,4:37,277.0,164.6,179.0,0.0,0.0,40.5,False,,,,,,,False
1561015448,Windy run with Tat,Run,2018-05-09T21:18:38Z,4.77,0:40:34,0:40:34,64.63,8:30,510.0,4:58,298.0,169.5,187.0,2.8,1.3,45.0,False,,,,,,,False
1559023370,Evening Run,Run,2018-05-08T22:53:36Z,3.38,0:28:35,0:28:35,149.61,8:27,507.0,5:28,328.0,148.9,180.0,26.7,10.1,27.9,False,,,,,,,False
1554577925,First few miles felt deceptively good,Run,2018-05-06T18:20:50Z,11.02,1:27:30,1:27:30,93.18,7:56,476.0,4:37,277.0,159.2,185.0,8.6,8.6,91.0,False,,,,,,,False
1553810716,Can’t run without headphones,Run,2018-05-06T14:45:11Z,0.71,0:05:57,0:05:57,11.48,8:26,506.0,6:42,402.0,,,,,,False,,,,,,,False
1548764268,Mileage fix,Run,2018-05-04T11:21:29Z,0.5,0:04:15,0:04:15,0.0,8:29,509.0,,,,,,,,False,,,,,,,False
1548761585,Living on the edge - route in reverse,Run,2018-05-04T10:35:25Z,3.18,0:26:06,0:26:06,124.02,8:12,492.0,4:47,287.0,145.7,166.0,23.8,9.6,30.6,False,,,,,,,False
1548002876,So humid feel wonky,Run,2018-05-03T21:59:44Z,1.1,0:11:10,0:11:10,8.53,10:09,609.0,5:21,321.0,151.5,176.0,28.8,4.5,11.2,False,,,,,,,False
1546101103,Disappointment is a non-functional water fountain on a hot day - with Margo,Run,2018-05-02T21:51:01Z,7.09,0:59:54,0:59:54,88.25,8:26,506.0,2:44,164.0,156.2,188.0,11.2,8.6,68.5,False,,,,,,,False
1544162355,Speed work cut very short,Run,2018-05-01T22:49:00Z,2.06,0:15:45,0:15:45,0.0,7:37,457.0,4:32,272.0,165.1,176.0,0.0,0.0,18.4,False,,,,,,,False
1541824224,I found $20,Run,2018-04-30T23:16:32Z,4.7,0:40:25,0:40:25,228.02,8:35,515.0,4:07,247.0,158.4,177.0,0.7,0.3,39.9,False,,,,,,,False
1537527837,Last long run - with Tat,Run,2018-04-28T15:00:36Z,20.0,2:59:40,2:59:40,0.0,8:58,538.0,,,,,,,,False,,,,,,,False
1535090421,Lunch Run,Run,2018-04-27T15:35:51Z,3.53,0:30:08,0:30:08,78.74,8:32,512.0,5:09,309.0,163.6,185.0,4.0,1.5,35.9,False,,,,,,,False
1533810202,From HHRC,Run,2018-04-26T22:33:52Z,0.34,0:03:15,0:03:15,6.89,9:26,566.0,7:03,423.0,156.2,158.0,0.0,0.0,3.1,False,,,,,,,False
1533812273,Power60,Run,2018-04-26T21:55:35Z,4.7,0:42:54,0:42:54,0.0,9:07,547.0,,,,,,,,False,,,,,,,False
1533719175,To HHRC,Run,2018-04-26T21:15:00Z,0.45,0:04:01,0:04:01,0.0,8:57,537.0,6:52,412.0,169.2,175.0,0.0,0.0,4.0,False,,,,,,,False
1529901381,Evening Run,Run,2018-04-24T22:55:13Z,4.56,0:36:46,0:36:46,224.41,8:03,483.0,4:52,292.0,166.1,181.0,0.0,0.0,39.9,False,,,,,,,False
1527842293,Sunshine and Lexi ☺️,Run,2018-04-23T22:33:07Z,5.08,0:45:42,0:45:42,37.07,9:00,540.0,2:58,178.0,157.4,176.0,7.3,3.6,45.5,False,,,,,,,False
1522767675,Morning Run,Run,2018-04-21T14:47:53Z,13.02,1:50:43,1:50:43,176.84,8:30,510.0,5:09,309.0,166.9,185.0,0.0,0.0,117.2,False,,,,,,,False
1520719386,Afternoon Run,Run,2018-04-20T18:20:52Z,3.29,0:28:34,0:28:34,72.18,8:40,520.0,5:42,342.0,168.0,187.0,0.0,0.0,30.9,False,,,,,,,False
1517093049,Evening Run,Run,2018-04-18T22:50:24Z,0.65,0:05:55,0:05:55,0.0,9:02,542.0,5:42,342.0,157.0,158.0,0.0,0.0,6.4,False,,,,,,,False
1514996839,Working off those poolside dranks,Run,2018-04-17T22:49:05Z,8.96,1:15:12,1:15:12,275.26,8:23,503.0,4:03,243.0,163.2,181.0,1.1,0.9,81.8,False,,,,,,,False
1510295783,No.. really,Run,2018-04-15T13:10:57Z,0.58,0:05:59,0:05:59,67.91,10:18,618.0,6:05,365.0,140.0,154.0,56.2,4.0,3.1,False,,,,,,,False
1510039337,20 miler fail.. gym closed on Sundays and this island is wayyyy too hot,Run,2018-04-15T12:00:58Z,3.69,0:33:55,0:33:55,127.62,9:11,551.0,5:28,328.0,153.4,163.0,6.9,2.7,36.9,False,,,,,,,False
1505821570,Island run,Run,2018-04-13T11:25:08Z,3.44,0:32:53,0:32:53,136.81,9:34,574.0,5:57,357.0,144.0,179.0,40.4,15.1,22.3,False,,,,,,,False
1500180909,Deerfoot dash,Run,2018-04-10T11:02:09Z,4.8,0:45:45,0:45:45,0.0,9:31,571.0,,,,,,,,False,,,,,,,False
1500181000,Run to HHRC,Run,2018-04-10T10:25:43Z,0.65,0:05:55,0:05:55,0.0,9:07,547.0,7:03,423.0,147.9,164.0,39.5,2.3,3.5,False,,,,,,,False
1497208451,Not feeling great - cut it short,Run,2018-04-08T14:41:26Z,12.14,1:46:56,1:46:56,439.63,8:48,528.0,5:35,335.0,158.2,181.0,13.5,18.0,115.4,False,,,,,,,False
1494660205,Morning Run,Run,2018-04-07T14:15:05Z,5.01,0:43:11,0:43:11,37.73,8:37,517.0,5:42,342.0,164.3,185.0,0.0,0.0,44.0,False,,,,,,,False
1493410391,Evening Run,Run,2018-04-06T23:03:54Z,7.07,0:58:12,0:58:12,258.86,8:14,494.0,3:16,196.0,,,,,,False,,,,,,,False
1491718333,Power60,Run,2018-04-05T22:22:03Z,5.0,0:46:00,0:46:00,0.0,9:12,552.0,,,,,,,,False,,,,,,,False
1489895655,Stopped raining for me,Run,2018-04-04T22:22:41Z,6.54,0:56:36,0:56:36,256.56,8:39,519.0,4:52,292.0,,,,,,False,,,,,,,False
1484176143,☠️,Run,2018-04-01T15:24:18Z,19.5,2:59:55,2:59:55,1345.47,9:13,553.0,6:23,383.0,159.1,180.0,5.2,10.3,190.2,False,,,,,,,False
1481781060,Easy t-mill,Run,2018-03-31T14:20:19Z,3.0,0:28:43,0:28:43,0.0,9:34,574.0,,,,,,,,False,,,,,,,False
1480156380,Lunch Run,Run,2018-03-30T15:56:18Z,5.12,0:42:33,0:42:33,114.83,8:18,498.0,5:21,321.0,160.2,185.0,8.9,4.1,41.5,False,,,,,,,False
1477917806,Killer 3s,Run,2018-03-29T12:04:57Z,3.3,0:31:28,0:31:28,0.0,9:32,572.0,,,,,,,,False,,,,,,,False
1475550795,Evening Run,Run,2018-03-27T22:27:34Z,4.28,0:37:26,0:37:26,138.45,8:45,525.0,5:03,303.0,157.3,178.0,25.7,10.2,29.5,False,,,,,,,False
1473846194,Evening Run,Run,2018-03-26T22:55:55Z,5.65,0:47:29,0:47:29,271.65,8:24,504.0,5:21,321.0,160.0,180.0,2.7,1.3,47.0,False,,,,,,,False
1469655878,Tat’s new hood!,Run,2018-03-24T16:45:20Z,15.38,2:11:46,2:11:46,487.86,8:34,514.0,5:35,335.0,167.2,196.0,0.0,0.0,144.1,False,,,,,,,False
1467567844,To sushi burrito,Run,2018-03-23T16:11:58Z,4.08,0:34:46,0:34:46,88.25,8:31,511.0,4:03,243.0,170.0,185.0,0.0,0.0,39.8,False,,,,,,,False
1466504448,Evening Run,Run,2018-03-22T22:00:26Z,2.78,0:22:33,0:22:33,123.03,8:06,486.0,4:42,282.0,167.3,181.0,0.0,0.0,24.8,False,,,,,,,False
1466504091,Wrong setting,Run,2018-03-22T21:55:16Z,0.57,0:04:32,0:04:32,0.0,7:53,473.0,5:09,309.0,168.6,171.0,0.0,0.0,4.7,False,,,,,,,False
1464940715,Evening Run,Run,2018-03-21T22:12:07Z,5.0,0:41:19,0:41:19,34.78,8:16,496.0,5:21,321.0,155.6,186.0,4.2,1.8,41.8,False,,,,,,,False
1462226893,Deerfoot dash,Run,2018-03-20T10:52:09Z,4.9,0:45:40,0:45:40,0.0,9:19,559.0,,,,,,,,False,,,,,,,False
1459722160,The dead quad blues,Run,2018-03-18T14:48:55Z,14.1,2:09:02,2:09:02,140.75,9:09,549.0,5:57,357.0,160.1,183.0,5.4,8.1,142.6,False,,,,,,,False
1457633935,Morning Run,Run,2018-03-17T14:32:54Z,3.01,0:26:07,0:26:07,9.51,8:41,521.0,4:58,298.0,158.0,167.0,4.0,1.1,27.9,False,,,,,,,False
1456547244,Hardest power60 ever,Run,2018-03-16T22:22:03Z,4.4,0:42:32,0:42:32,0.0,9:39,579.0,,,,,,,,False,,,,,,,False
1455134644,Speed,Run,2018-03-15T22:45:46Z,4.3,0:33:00,0:33:00,0.0,7:40,460.0,,,,,,,,False,,,,,,,False
1446042859,Progression on point,Run,2018-03-10T15:13:21Z,14.01,2:04:29,2:04:29,176.18,8:53,533.0,4:47,287.0,160.4,181.0,6.2,8.7,130.3,False,,,,,,,False
1444365646,Afternoon Run,Run,2018-03-09T19:01:00Z,3.63,0:32:05,0:32:05,41.34,8:50,530.0,5:42,342.0,162.5,183.0,0.7,0.2,34.0,False,,,,,,,False
1443184428,Power 60,Run,2018-03-08T23:16:05Z,4.2,0:39:41,0:39:41,0.0,9:26,566.0,,,,,,,,False,,,,,,,False
1441503344,Speed,Run,2018-03-07T21:39:36Z,4.0,0:29:52,0:29:52,0.0,7:28,448.0,,,,,,,,False,,,,,,,False
1439329752,Lunch Run,Run,2018-03-06T16:39:26Z,4.76,0:40:30,0:40:30,30.51,8:30,510.0,5:15,315.0,162.4,177.0,0.0,0.0,44.4,False,,,,,,,False
1438167853,Storm hit the Fells hard,Run,2018-03-05T20:52:00Z,5.4,0:53:01,0:53:01,626.31,9:49,589.0,4:03,243.0,,,,,,False,,,,,,,False
1434439731,So glad that’s over,Run,2018-03-03T15:33:06Z,16.02,2:19:23,2:19:23,177.82,8:42,522.0,5:28,328.0,162.6,184.0,2.2,3.4,153.6,False,,,,,,,False
1431626150,Afternoon Run,Run,2018-03-01T18:01:51Z,3.51,0:30:10,0:30:10,31.17,8:35,515.0,3:37,217.0,162.4,176.0,0.0,0.0,34.1,False,,,,,,,False
1430550729,Speed,Run,2018-02-28T21:42:31Z,4.0,0:30:30,0:30:30,0.0,7:37,457.0,,,,,,,,False,,,,,,,False
1429036910,Afternoon Run,Run,2018-02-27T20:07:16Z,5.7,0:53:13,0:53:13,620.41,9:20,560.0,4:58,298.0,,,,,,False,,,,,,,False
1426262515,Rainy run with the gals,Run,2018-02-25T19:43:52Z,11.27,1:39:39,1:39:39,109.58,8:50,530.0,4:07,247.0,164.4,194.0,1.0,1.3,120.2,False,,,,,,,False
1423498214,Decided to go on a ride,Run,2018-02-24T14:07:46Z,0.32,0:03:12,0:03:12,0.0,9:59,599.0,6:23,383.0,,,,,,False,,,,,,,False
1422308750,Lunch Run,Run,2018-02-23T17:50:43Z,3.72,0:34:09,0:34:09,53.81,9:10,550.0,5:42,342.0,160.3,197.0,9.0,3.4,34.0,False,,,,,,,False
1421084854,Speed,Run,2018-02-22T20:55:04Z,5.7,0:43:36,0:43:36,0.0,7:38,458.0,,,,,,,,False,,,,,,,False
1419479833,Forgot how to trail run,Run,2018-02-21T19:42:42Z,5.38,0:53:28,0:53:28,535.43,9:56,596.0,4:07,247.0,,,,,,False,,,,,,,False
1418082313,Afternoon Run,Run,2018-02-20T22:49:30Z,4.58,0:44:04,0:44:04,47.57,9:37,577.0,5:28,328.0,163.0,180.0,1.0,0.7,68.2,False,,,,,,,False
1414280032,Losing our way through the Twin Cities,Run,2018-02-18T14:33:26Z,13.12,1:59:41,1:59:41,541.67,9:07,547.0,2:36,156.0,162.4,183.0,0.6,0.8,136.6,False,,,,,,,False
1410831540,MN run with Tat,Run,2018-02-16T21:27:38Z,3.88,0:33:50,0:33:50,140.09,8:43,523.0,5:21,321.0,156.9,183.0,9.0,3.1,31.5,False,,,,,,,False
1409415933,Balmy,Run,2018-02-15T22:00:44Z,5.0,0:38:36,0:38:36,34.45,7:42,462.0,3:23,203.0,167.7,185.0,0.0,0.0,40.7,False,,,,,,,False
1406609390,Crushed it,Run,2018-02-14T01:53:21Z,4.7,0:37:48,0:37:48,0.0,8:02,482.0,,,,,,,,False,,,,,,,False
1404840126,Afternoon Run,Run,2018-02-12T22:37:40Z,5.01,0:40:45,0:40:45,35.1,8:07,487.0,5:35,335.0,156.1,176.0,1.8,0.8,42.7,False,,,,,,,False
1399407636,Lunch Run,Run,2018-02-09T17:19:49Z,4.91,0:42:10,0:42:10,24.61,8:34,514.0,4:32,272.0,168.3,181.0,0.0,0.0,46.8,False,,,,,,,False
1398409563,Blargh,Run,2018-02-08T23:39:42Z,2.74,0:30:54,0:30:54,33.46,11:16,676.0,6:14,374.0,142.3,176.0,28.3,10.2,26.0,False,,,,,,,False
1396857274,Strava’s indoor run feature really sucks,Run,2018-02-07T23:23:26Z,3.46,0:35:41,0:35:41,0.0,10:18,618.0,6:42,402.0,157.3,176.0,8.2,2.9,32.5,False,,,,,,,False
1395388355,"Run to massage, forgot to start watch",Run,2018-02-06T22:30:00Z,3.5,0:32:00,0:32:00,0.0,9:08,548.0,,,,,,,,False,,,,,,,False
1393566432,Afternoon Run,Run,2018-02-05T22:44:21Z,3.68,0:31:00,0:31:00,127.62,8:24,504.0,4:58,298.0,159.4,180.0,0.2,0.1,33.5,False,,,,,,,False
1389398337,Phone froze in home stretch,Run,2018-02-03T12:34:53Z,9.74,1:24:02,1:24:02,112.53,8:37,517.0,4:47,287.0,,,,,,False,,,,,,,False
1385544378,Evening Run,Run,2018-01-31T23:08:13Z,5.02,0:43:02,0:43:02,34.78,8:34,514.0,5:09,309.0,150.8,176.0,4.2,1.9,42.1,False,,,,,,,False
1381221807,Morning Run,Run,2018-01-29T12:08:53Z,5.21,0:44:22,0:44:22,29.86,8:30,510.0,4:11,251.0,152.9,169.0,6.4,3.1,45.4,False,,,,,,,False
1374768061,Solheimhjokull glacier hike and ice climb,Run,2018-01-25T13:03:22Z,3.11,3:02:06,3:02:06,470.14,58:33:00,,6:52,412.0,97.3,133.0,100.0,181.6,0.0,False,,,,,,,False
1372831258,Legs not feeling it,Run,2018-01-24T11:44:03Z,4.84,0:42:27,0:42:27,36.09,8:46,526.0,4:32,272.0,145.7,183.0,37.5,18.2,30.4,False,,,,,,,False
1371186526,"Warmup,speed,cool down - gps fail",Run,2018-01-23T12:13:58Z,4.61,0:37:13,0:37:13,15.75,8:04,484.0,3:43,223.0,143.7,179.0,44.5,26.4,33.0,,,,,,,,False
1368587831,Long run with Tat,Run,2018-01-21T16:13:47Z,10.01,1:22:27,1:22:27,107.28,8:14,494.0,3:13,193.0,163.6,180.0,0.0,0.0,89.2,False,,,,,,,False
1365286506,Run to movies,Run,2018-01-19T23:09:29Z,2.43,0:22:23,0:22:23,24.28,9:13,553.0,5:21,321.0,167.3,176.0,0.0,0.0,23.6,False,,,,,,,False
1363907486,Power60,Run,2018-01-18T23:08:55Z,4.2,0:40:13,0:40:13,0.0,9:34,574.0,,,,,,,,False,,,,,,,False
1363906341,To heartbreak,Run,2018-01-18T22:09:02Z,0.71,0:06:43,0:06:43,0.0,9:29,569.0,6:05,365.0,147.7,153.0,0.0,0.0,7.5,False,,,,,,,False
1362567855,Pretty,Run,2018-01-18T01:22:05Z,3.12,0:30:15,0:30:15,230.64,9:41,581.0,4:52,292.0,164.8,179.0,8.1,3.6,40.2,False,,,,,,,False
1360912184,Treadmill speed work,Run,2018-01-17T00:23:08Z,3.4,0:31:54,0:31:54,0.0,9:22,562.0,,,,,,,,False,,,,,,,False
1360912374,Warmup to gym,Run,2018-01-17T00:09:07Z,0.36,0:03:32,0:03:32,0.0,9:46,586.0,5:35,335.0,164.0,177.0,0.0,0.0,3.3,False,,,,,,,False
1359127620,Afternoon Run,Run,2018-01-15T21:50:27Z,0.15,0:01:06,0:01:06,0.0,7:26,446.0,3:49,229.0,113.0,113.0,100.0,3.0,0.0,False,,,,,,,False
1359127706,Afternoon Run,Run,2018-01-15T21:05:57Z,5.02,0:41:20,0:41:20,36.75,8:14,494.0,5:21,321.0,155.1,177.0,4.3,1.8,40.5,False,,,,,,,False
1355398883,"Uphill, against the wind, both ways",Run,2018-01-13T17:08:02Z,10.01,1:27:41,1:27:41,328.08,8:45,525.0,4:03,243.0,165.1,181.0,2.1,1.9,90.5,False,,,,,,,False
1353908690,Afternoon Run,Run,2018-01-12T22:20:23Z,3.31,0:26:49,0:26:49,123.03,8:06,486.0,4:15,255.0,162.5,179.0,0.0,0.0,30.9,False,,,,,,,False
1352689127,Mileage fix - Pitch Perfect 3,Run,2018-01-12T02:00:00Z,4.0,0:38:16,0:38:16,0.0,9:33,573.0,,,,,,,,False,,,,,,,False
1352518115,Strava fail 😔,Run,2018-01-11T22:31:07Z,1.11,0:10:39,0:10:39,10.83,9:34,574.0,5:09,309.0,160.8,172.0,0.0,0.0,55.7,False,,,,,,,False
1350949123,Ice as black as my heart and some jerk aggressively running up on me because he didn’t like being passed by a girl,Run,2018-01-10T22:43:08Z,5.11,0:42:01,0:42:01,41.34,8:13,493.0,5:03,303.0,163.0,179.0,0.0,0.0,44.8,False,,,,,,,False
1349290352,Why is my Apple Watch randomly powering down?,Run,2018-01-09T22:34:16Z,3.52,0:30:44,0:30:44,139.76,8:44,524.0,4:37,277.0,158.2,180.0,9.3,3.4,33.1,False,,,,,,,False
1346147707,With Tat and Margo,Run,2018-01-07T20:14:49Z,8.99,1:23:04,1:23:04,143.37,9:14,554.0,5:35,335.0,165.9,183.0,0.2,0.2,101.7,False,,,,,,,False
1344187041,Cold never hurt no one.. on second thought,Run,2018-01-06T20:02:18Z,5.26,0:46:55,0:46:55,62.34,8:54,534.0,5:35,335.0,161.4,185.0,5.2,3.0,54.9,False,,,,,,,False
1342266236,Not so bad,Run,2018-01-05T17:27:43Z,3.68,0:34:55,0:34:55,132.22,9:29,569.0,4:15,255.0,159.2,176.0,2.2,0.9,39.3,False,,,,,,,False
1340509144,Blizzard run,Run,2018-01-04T14:22:13Z,3.95,0:39:03,0:39:03,225.39,9:53,593.0,5:42,342.0,155.1,170.0,12.4,5.6,39.3,False,,,,,,,False
1339250040,Castle Island,Run,2018-01-03T17:57:00Z,5.26,0:42:05,0:42:05,111.22,8:00,480.0,4:15,255.0,,,,,,False,,,,,,,False
1335895972,Happy New Year! - end of streak,Run,2018-01-01T13:16:21Z,1.54,0:12:50,0:12:50,0.0,8:19,499.0,6:14,374.0,,,,,,False,,,,,,,False
1335307089,My first 1000 mile year/drunk running is the worst,Run,2017-12-31T22:42:22Z,1.01,0:09:15,0:09:15,0.0,9:08,548.0,6:42,402.0,175.5,179.0,0.0,0.0,9.1,False,,,,,,,False
1333006978,Margo’s wedding day bridal boot camp,Run,2017-12-30T12:05:50Z,4.04,0:36:55,0:36:55,44.62,9:08,548.0,6:14,374.0,164.8,187.0,6.1,2.3,35.6,False,,,,,,,False
1331731598,Deerfoot Dash,Run,2017-12-29T13:35:16Z,4.9,0:46:34,0:46:34,0.0,9:30,570.0,,,,,,,,False,,,,,,,False
1331115091,Power 60,Run,2017-12-28T23:37:27Z,2.9,0:26:44,0:26:44,0.0,9:13,553.0,,,,,,,,False,,,,,,,False
1329360963,Speed for lunch,Run,2017-12-27T17:08:13Z,3.9,0:37:00,0:37:00,0.0,9:29,569.0,,,,,,,,False,,,,,,,False
1328477776,Deerfoot dash until WiFi cut out,Run,2017-12-26T22:58:04Z,3.2,0:30:00,0:30:00,0.0,9:22,562.0,,,,,,,,False,,,,,,,False
1326829747,Downhill for the quads,Run,2017-12-25T15:42:22Z,1.0,0:08:36,0:08:36,0.0,8:35,515.0,,,,,,,,False,,,,,,,False
1326813906,Knees hurt,Run,2017-12-25T15:21:57Z,1.0,0:10:00,0:10:00,0.0,10:00,600.0,,,,,,,,False,,,,,,,False
1326159779,Treadmill long run with bruised knees,Run,2017-12-24T20:13:26Z,7.0,1:06:28,1:06:28,0.0,9:29,569.0,,,,,,,,False,,,,,,,False
1324714140,Indoor running with my doggie on this icy day,Run,2017-12-23T20:33:15Z,2.0,0:19:30,0:19:30,0.0,9:45,585.0,,,,,,,,False,,,,,,,False
1322956443,Killer 3s,Run,2017-12-22T12:47:36Z,3.0,0:28:17,0:28:17,0.0,9:25,565.0,,,,,,,,False,,,,,,,False
1322394204,Afternoon Run,Run,2017-12-21T21:04:47Z,3.54,0:29:17,0:29:17,123.36,8:16,496.0,4:37,277.0,159.1,189.0,5.9,1.9,30.6,False,,,,,,,False
1320741969,Still feeling wonk,Run,2017-12-20T12:32:45Z,1.86,0:16:19,0:16:19,9.51,8:45,525.0,5:42,342.0,158.6,169.0,6.8,1.2,17.2,False,,,,,,,False
1319507901,Deerfoot Dash,Run,2017-12-19T12:30:59Z,4.5,0:44:44,0:44:44,0.0,9:56,596.0,,,,,,,,False,,,,,,,False
1318858094,Meds make me feel 🤢,Run,2017-12-18T20:47:34Z,1.53,0:13:03,0:13:03,0.0,8:31,511.0,5:03,303.0,160.6,173.0,2.4,0.3,14.4,False,,,,,,,False
1316473130,Bustle hustle,Run,2017-12-16T21:50:46Z,4.47,0:39:39,0:39:39,44.95,8:52,532.0,5:42,342.0,164.0,194.0,6.1,2.7,42.2,False,,,,,,,False
1315220155,Still feeling that BW3 party,Run,2017-12-15T22:33:30Z,1.07,0:09:13,0:09:13,13.12,8:38,518.0,5:21,321.0,141.5,150.0,53.5,5.1,4.5,False,,,,,,,False
1314265297,Afternoon Run,Run,2017-12-14T22:36:28Z,3.51,0:29:38,0:29:38,122.7,8:25,505.0,5:35,335.0,163.5,178.0,0.0,0.0,32.3,False,,,,,,,False
1313273256,Rogue jog and nog,Run,2017-12-14T00:05:50Z,2.38,0:22:08,0:22:08,21.65,9:18,558.0,3:13,193.0,161.4,185.0,0.0,0.0,25.1,False,,,,,,,False
1312076808,Afternoon Run,Run,2017-12-12T22:39:38Z,4.15,0:37:36,0:37:36,29.2,9:03,543.0,5:57,357.0,158.9,177.0,0.0,0.0,39.9,False,,,,,,,False
1310849594,"When you don’t want to, but you do anyway",Run,2017-12-11T22:18:35Z,1.01,0:09:07,0:09:07,0.0,9:01,541.0,6:14,374.0,158.6,190.0,28.5,2.5,6.4,False,,,,,,,False
1309367687,Yulefest 26:52,Run,2017-12-10T14:36:06Z,3.18,0:27:14,0:27:14,46.26,10:44,644.0,5:57,357.0,163.7,178.0,0.0,0.0,29.6,True,5k,,,,,,False
1308577086,Still sick,Run,2017-12-09T21:58:24Z,1.01,0:09:19,0:09:19,18.37,9:11,551.0,6:14,374.0,147.6,163.0,14.2,1.3,7.9,False,,,,,,,False
1307244327,Quick celebratory jaunt,Run,2017-12-08T22:25:21Z,1.74,0:14:31,0:14:31,15.75,8:21,501.0,5:49,349.0,142.9,164.0,36.8,6.7,11.5,False,,,,,,,False
1306220667,Still deathy,Run,2017-12-07T23:35:41Z,1.97,0:17:13,0:17:13,12.8,8:45,525.0,5:57,357.0,147.0,179.0,33.6,6.1,12.1,False,,,,,,,False
1305149813,"Sicker,stresseder,sorerer",Run,2017-12-07T01:32:39Z,1.02,0:09:43,0:09:43,7.87,9:31,571.0,4:42,282.0,169.2,173.0,0.0,0.0,10.4,,,,,,,,False
1303751368,"Sick,stressed and inexplicably sore",Run,2017-12-05T23:29:49Z,1.98,0:17:14,0:17:14,12.8,8:42,522.0,5:42,342.0,153.0,175.0,25.2,4.8,14.4,False,,,,,,,False
1302517546,Thesis is in!,Run,2017-12-05T01:07:46Z,3.63,0:31:33,0:31:33,124.34,8:41,521.0,4:52,292.0,159.8,178.0,4.3,1.4,31.6,False,,,,,,,False
1301223701,Peer pressure,Run,2017-12-03T22:18:25Z,2.05,0:17:36,0:17:36,12.8,8:36,516.0,4:23,263.0,,,,,,False,,,,,,,False
1299451335,Longish run with Tat,Run,2017-12-02T18:03:38Z,7.01,1:01:45,1:01:45,60.37,8:48,528.0,5:35,335.0,163.3,180.0,0.0,0.0,67.4,False,,,,,,,False
1298295540,Afternoon Run,Run,2017-12-01T22:23:01Z,3.55,0:30:17,0:30:17,123.03,8:32,512.0,5:28,328.0,161.3,181.0,0.0,0.0,35.4,False,,,,,,,False
1297290831,Evening Run,Run,2017-11-30T23:34:21Z,4.73,0:41:21,0:41:21,28.22,8:44,524.0,5:35,335.0,153.6,175.0,16.1,7.0,36.7,False,,,,,,,False
1296106330,Long and knee pain strong,Run,2017-11-29T23:59:00Z,6.7,1:00:00,1:00:00,0.0,8:57,537.0,,,,,,,,False,,,,,,,False
1294762437,Strava deleted my run but I swear I went,Run,2017-11-28T23:39:57Z,3.6,0:28:48,0:28:48,0.0,7:59,479.0,,,,,,,,False,,,,,,,False
1293304951,Doing it for the streak,Run,2017-11-27T22:17:19Z,2.35,0:20:10,0:20:10,27.89,8:34,514.0,5:15,315.0,160.8,176.0,0.0,0.0,23.3,False,,,,,,,False
1291720989,Morning Run,Run,2017-11-26T15:44:08Z,6.01,0:51:29,0:51:29,83.01,8:33,513.0,4:19,259.0,160.2,185.0,5.9,3.4,54.5,False,,,,,,,False
1289981600,The only race where I’ll beat Shalane,Run,2017-11-25T15:00:21Z,3.12,0:23:56,0:23:56,72.83,7:48,468.0,4:23,263.0,164.9,178.0,0.0,0.0,24.1,True,5k,,,,,,False
1288870243,Afternoon Run,Run,2017-11-24T18:27:55Z,5.01,0:41:33,0:41:33,25.59,8:17,497.0,4:58,298.0,146.9,172.0,22.3,9.5,33.1,False,,,,,,,False
1287146497,Feeling not so hot at the Holden Turkey trot,Run,2017-11-23T13:03:04Z,3.13,0:24:57,0:24:57,191.93,7:57,477.0,4:52,292.0,,,,,,True,5k,,,,,,False
1285245048,Afternoon Run,Run,2017-11-21T22:05:11Z,5.02,0:39:40,0:39:40,26.25,7:54,474.0,5:15,315.0,162.0,177.0,2.8,1.1,40.2,False,,,,,,,False
1282016064,Cambridge half,Run,2017-11-19T12:41:08Z,13.28,1:51:58,1:51:58,112.2,8:27,507.0,4:15,255.0,163.7,181.0,0.0,0.0,112.2,True,Half,,,,,,False
1278869765,When you can’t decide what kind of run you should do,Run,2017-11-17T11:54:31Z,3.25,0:28:06,0:28:06,30.84,8:38,518.0,4:52,292.0,,,,,,False,,,,,,,False
1277161871,Long and strong,Run,2017-11-15T23:55:20Z,6.5,1:02:00,1:02:00,0.0,9:32,572.0,,,,,,,,False,,,,,,,False
1275693849,Evening Run,Run,2017-11-14T23:17:40Z,3.01,0:25:21,0:25:21,17.72,8:25,505.0,4:37,277.0,152.0,176.0,26.4,7.5,20.8,False,,,,,,,False
1274333737,Long & strong con Tatiana,Run,2017-11-14T00:07:32Z,6.5,1:03:00,1:03:00,0.0,9:41,581.0,,,,,,,,False,,,,,,,False
1271157321,With Margoboe,Run,2017-11-11T20:24:16Z,7.58,1:05:10,1:05:10,96.13,8:35,515.0,5:03,303.0,151.6,173.0,16.1,11.6,60.6,False,,,,,,,False
1269343103,Track closed - oh well,Run,2017-11-10T15:39:19Z,1.87,0:15:58,0:15:58,7.22,8:33,513.0,4:23,263.0,168.4,185.0,0.0,0.0,16.8,False,,,,,,,False
1268715027,Evening Run,Run,2017-11-10T00:04:44Z,6.7,0:55:13,0:55:13,82.02,8:14,494.0,5:21,321.0,156.8,187.0,9.5,5.4,51.6,False,,,,,,,False
1267173335,First run with the new orthotics,Run,2017-11-08T20:43:36Z,3.1,0:24:44,0:24:44,116.14,7:58,478.0,5:09,309.0,159.3,179.0,3.3,0.9,26.2,False,,,,,,,False
1265967933,Evening Run,Run,2017-11-07T23:42:22Z,3.87,0:31:53,0:31:53,188.32,8:14,494.0,4:58,298.0,165.4,177.0,0.0,0.0,34.7,False,,,,,,,False
1262747910,First half with Margo!,Run,2017-11-05T15:03:12Z,11.19,1:38:01,1:38:01,107.61,8:45,525.0,3:26,206.0,,,,,,False,,,,,,,False
1261387407,Afternoon Run,Run,2017-11-04T20:58:06Z,5.01,0:40:48,0:40:48,45.6,8:09,489.0,3:09,189.0,160.3,174.0,5.8,2.5,40.5,False,,,,,,,False
1259903692,Run to hair cut,Run,2017-11-03T21:11:19Z,2.68,0:22:20,0:22:20,14.11,8:20,500.0,4:47,287.0,152.0,175.0,14.7,4.3,24.7,False,,,,,,,False
1258616062,Evening Run,Run,2017-11-02T22:20:53Z,3.38,0:27:36,0:27:36,122.7,8:10,490.0,3:43,223.0,155.7,178.0,12.3,3.6,26.1,False,,,,,,,False
1257216411,Tat’s back!,Run,2017-11-01T22:52:09Z,5.42,0:45:04,0:45:04,20.67,8:18,498.0,4:58,298.0,162.9,185.0,1.7,0.8,48.5,False,,,,,,,False
1255508500,Obstacle racing over downed trees,Run,2017-10-31T21:00:17Z,5.04,0:52:00,0:52:00,563.65,10:18,618.0,4:00,240.0,158.2,194.0,0.7,0.4,58.4,False,,,,,,,False
1252124418,Powisett Farm Trail run 8.3,Run,2017-10-29T12:29:25Z,8.86,1:16:21,1:16:21,547.57,8:38,518.0,5:09,309.0,162.1,181.0,0.0,0.0,76.5,True,Other,,,,,,False
1249099353,Getting older sucks man,Run,2017-10-27T13:57:10Z,4.52,0:42:11,0:42:11,28.22,9:19,559.0,4:42,282.0,152.8,170.0,16.1,8.2,42.8,False,,,,,,,False
1246841661,Reservoir,Run,2017-10-25T19:54:42Z,5.4,0:54:32,0:54:32,588.25,10:05,605.0,5:35,335.0,152.9,174.0,13.4,8.3,53.5,False,,,,,,,False
1244593933,35 doesn’t feel so good,Run,2017-10-24T10:25:19Z,6.02,0:47:02,0:47:02,15.09,7:49,469.0,4:28,268.0,155.8,201.0,9.7,7.7,71.3,False,,,,,,,False
1243307754,Morning Run,Run,2017-10-23T12:14:08Z,4.07,0:34:05,0:34:05,181.43,8:22,502.0,3:34,214.0,,,,,,False,,,,,,,False
1240616651,Forgot to start watch,Run,2017-10-21T16:13:50Z,2.9,0:23:56,0:23:56,0.0,8:15,495.0,,,,,,,,False,,,,,,,False
1240615539,Lunch Run,Run,2017-10-21T15:02:30Z,8.27,1:09:05,1:09:05,222.77,8:21,501.0,4:28,268.0,,,,,,False,,,,,,,False
1239087560,Lunch Run,Run,2017-10-20T16:00:11Z,3.24,0:27:50,0:27:50,109.25,8:35,515.0,4:32,272.0,,,,,,False,,,,,,,False
1238292178,SEAC speed,Run,2017-10-19T22:39:38Z,5.23,0:41:23,0:41:23,12.8,7:55,475.0,4:03,243.0,164.9,185.0,5.6,4.2,71.3,False,,,,,,,False
1235853576,Run with Tat!,Run,2017-10-18T10:06:57Z,5.51,0:46:43,0:46:43,70.87,8:28,508.0,5:21,321.0,155.7,172.0,9.9,5.4,48.9,False,,,,,,,False
1233356027,I no longer have any idea what pace I’m actually running,Run,2017-10-16T16:54:30Z,3.94,0:32:43,0:32:43,58.4,8:17,497.0,3:40,220.0,151.4,171.0,12.8,4.4,30.2,False,,,,,,,False
1231824801,Doggie sitting,Run,2017-10-15T15:20:58Z,3.06,0:30:48,0:30:48,269.69,10:03,603.0,5:35,335.0,153.2,175.0,17.3,6.6,31.6,False,,,,,,,False
1228937021,Ghost Race with KTran and JSax!!,Run,2017-10-13T23:07:32Z,5.06,0:48:08,0:48:08,65.62,9:31,571.0,5:42,342.0,157.8,175.0,3.3,1.6,46.5,False,,,,,,,False
1228937020,Where is Lululemon? Where is the race???,Run,2017-10-13T22:10:26Z,5.23,0:49:02,0:49:02,16.4,9:22,562.0,3:18,198.0,152.3,180.0,21.4,11.5,42.2,False,,,,,,,False
1227613232,SEAC speed OR my Strava app keeps fighting with my Strava app,Run,2017-10-12T22:38:03Z,4.26,0:33:56,0:33:56,12.8,7:57,477.0,3:04,184.0,147.3,189.0,25.3,17.0,50.3,False,,,,,,,False
1225510170,Too soon,Run,2017-10-11T15:06:23Z,6.25,0:55:12,0:55:12,476.38,8:50,530.0,4:03,243.0,150.9,189.0,17.1,11.9,57.4,False,,,,,,,False
1223702231,Morning Run,Run,2017-10-10T11:03:56Z,4.65,0:38:53,0:38:53,28.22,8:21,501.0,5:03,303.0,147.1,164.0,24.8,10.4,31.6,False,,,,,,,False
1220832283,Extraneous hill,Run,2017-10-08T13:14:14Z,0.05,0:00:27,0:00:27,17.72,9:19,559.0,6:23,383.0,,,,,,False,,,,,,,False
1220832045,The hills are alive with the sound of me celebrating not having to run hills anymore,Run,2017-10-08T12:04:34Z,5.6,1:03:19,1:03:19,604.33,11:18,678.0,3:49,229.0,149.9,182.0,22.7,15.6,53.1,False,,,,,,,False
1219301565,When in the hill is this challenge over? Day sixxxxxxxx,Run,2017-10-07T14:46:18Z,2.71,0:27:09,0:27:09,564.63,10:01,601.0,6:14,374.0,142.7,169.0,39.2,11.7,18.1,False,,,,,,,False
1218201453,Ragnar summit challenge day 5 complete!,Run,2017-10-06T21:19:07Z,0.42,0:03:07,0:03:07,27.23,7:30,450.0,2:54,174.0,,,,,,False,,,,,,,False
1218197740,I clearly don’t “get” hills,Run,2017-10-06T21:14:33Z,0.42,0:03:22,0:03:22,28.22,7:57,477.0,4:47,287.0,,,,,,False,,,,,,,False
1218192687,The hills I run in my sleep should count towards this,Run,2017-10-06T20:30:23Z,4.52,0:37:54,0:37:54,358.27,8:22,502.0,4:00,240.0,,,,,,False,,,,,,,False
1218192924,Afternoon Run,Run,2017-10-05T20:15:24Z,3.92,0:37:32,0:37:32,260.17,9:34,574.0,5:09,309.0,143.7,160.0,32.8,14.2,29.1,False,,,,,,,False
1215400817,Ragnar summit challenge - 🦌 at Mt Elbrus,Run,2017-10-04T19:25:22Z,5.46,0:55:02,0:55:02,624.02,10:04,604.0,3:18,198.0,,,,,,False,,,,,,,False
1214102993,Had to drive back for one freaking hill because I overestimated the elevation,Run,2017-10-03T23:53:11Z,0.64,0:05:39,0:05:39,68.24,8:52,532.0,4:07,247.0,148.0,148.0,0.0,0.0,5.6,False,,,,,,,False
1214060821,Ragnar Summit challenge - Vinson Massif,Run,2017-10-03T22:23:37Z,5.13,0:47:21,0:47:21,270.34,9:13,553.0,4:58,298.0,152.8,172.0,10.7,5.3,44.3,False,,,,,,,False
1212438237,Ragnar Summit challenge - Carstenz Pyramid,Run,2017-10-02T20:23:17Z,5.68,0:58:54,0:58:54,588.25,10:21,621.0,5:35,335.0,156.6,181.0,7.0,4.5,59.7,False,,,,,,,False
1210796858,Oktoberfest,Run,2017-10-01T13:30:35Z,3.18,0:22:30,0:22:30,10.5,7:08,428.0,3:26,206.0,168.3,176.0,0.0,0.0,22.4,True,5k,,,,,,False
1207307866,Morning Run,Run,2017-09-29T14:20:27Z,6.02,0:48:02,0:48:02,67.26,7:58,478.0,5:28,328.0,156.7,172.0,12.8,6.8,46.2,False,,,,,,,False
1205007013,Long and strong,Run,2017-09-27T22:38:55Z,6.3,1:05:00,1:05:00,0.0,10:18,618.0,,,,,,,,False,,,,,,,False
1202401437,Cool down,Run,2017-09-26T11:38:57Z,1.11,0:10:20,0:10:20,9.19,9:18,558.0,6:14,374.0,140.7,153.0,21.5,5.7,20.8,False,,,,,,,False
1202401429,NRC,Run,2017-09-26T11:00:59Z,3.19,0:21:56,0:21:56,0.0,6:52,412.0,4:11,251.0,163.4,182.0,9.5,3.2,30.2,False,,,,,,,False
1202401381,Warm up,Run,2017-09-26T10:22:33Z,1.58,0:14:00,0:14:00,0.0,8:52,532.0,3:31,211.0,134.9,169.0,35.1,7.9,14.6,False,,,,,,,False
1201552904,Afternoon Run,Run,2017-09-25T19:28:10Z,4.09,0:34:44,0:34:44,27.23,8:29,509.0,5:21,321.0,153.6,170.0,17.0,6.3,30.9,False,,,,,,,False
1197826037,Morning Run w Tat!,Run,2017-09-23T14:47:15Z,7.01,0:59:57,0:59:57,100.39,8:33,513.0,3:40,220.0,155.9,167.0,3.6,2.4,64.0,False,,,,,,,False
1196619962,Afternoon Run,Run,2017-09-22T21:58:10Z,3.37,0:26:37,0:26:37,123.36,7:53,473.0,4:37,277.0,,,,,,False,,,,,,,False
1194928798,Afternoon Run,Run,2017-09-21T17:39:02Z,3.57,0:28:38,0:28:38,124.02,8:01,481.0,4:15,255.0,,,,,,False,,,,,,,False
1193900492,Run with Tat!,Run,2017-09-20T22:30:42Z,5.67,0:48:21,0:48:21,63.98,8:31,511.0,4:23,263.0,,,,,,False,,,,,,,False
1191234803,NRC,Run,2017-09-19T10:37:29Z,5.07,0:41:35,0:41:35,0.0,8:12,492.0,5:57,357.0,,,,,,False,,,,,,,False
1189108309,Reservoir trail,Run,2017-09-17T19:06:31Z,5.1,0:52:14,0:52:14,572.83,10:14,614.0,4:19,259.0,,,,,,False,,,,,,,False
1184385053,Power 60 with Tat!,Run,2017-09-14T23:36:06Z,4.0,0:40:00,0:40:00,0.0,10:00,600.0,,,,,,,,False,,,,,,,False
1182785876,Feeling good,Run,2017-09-13T21:46:59Z,3.27,0:25:27,0:25:27,123.69,7:46,466.0,4:11,251.0,,,,,,False,,,,,,,False
1181303449,Bad GPS,Run,2017-09-12T22:52:21Z,3.35,0:27:55,0:27:55,122.05,8:20,500.0,5:03,303.0,,,,,,False,,,,,,,False
1179749113,First run ever with Lexi!!!,Run,2017-09-11T23:28:01Z,3.38,0:30:13,0:30:13,28.87,8:56,536.0,2:36,156.0,,,,,,False,,,,,,,False
1173291443,Afternoon Run,Run,2017-09-07T20:30:31Z,3.9,0:32:37,0:32:37,17.39,8:22,502.0,4:15,255.0,,,,,,False,,,,,,,False
1170223211,2 tired 2 run,Run,2017-09-05T21:29:58Z,3.42,0:29:50,0:29:50,123.69,8:42,522.0,4:42,282.0,,,,,,False,,,,,,,False
1164409433,Beautiful fucking day. Too bad I'm hungover.,Run,2017-09-02T13:02:47Z,3.0,0:26:13,0:26:13,103.02,8:44,524.0,5:21,321.0,,,,,,False,,,,,,,False
1161155114,Morning Run,Run,2017-08-31T10:44:27Z,2.19,0:19:28,0:19:28,22.64,8:53,533.0,2:49,169.0,,,,,,False,,,,,,,False
1157930693,Run back,Run,2017-08-29T12:12:01Z,1.13,0:10:01,0:10:01,33.79,8:50,530.0,3:56,236.0,,,,,,False,,,,,,,False
1157869967,Run to stadiums,Run,2017-08-29T11:28:51Z,1.18,0:09:54,0:09:54,8.53,8:25,505.0,5:35,335.0,,,,,,False,,,,,,,False
1156316453,Morning Run,Run,2017-08-28T11:24:04Z,3.0,0:24:40,0:24:40,30.51,8:13,493.0,4:11,251.0,,,,,,False,,,,,,,False
1151957854,"Got kicked off the track,so decided just not to run at all",Run,2017-08-25T21:46:45Z,0.87,0:06:55,0:06:55,0.0,7:59,479.0,3:56,236.0,,,,,,False,,,,,,,False
1150526457,Evening Run,Run,2017-08-24T22:26:02Z,3.46,0:29:36,0:29:36,123.69,8:32,512.0,4:58,298.0,,,,,,False,,,,,,,False
1147132174,Evening Run,Run,2017-08-22T22:23:04Z,3.29,0:26:33,0:26:33,112.86,8:04,484.0,3:56,236.0,,,,,,False,,,,,,,False
1144455296,Morning Run,Run,2017-08-21T10:28:08Z,3.26,0:29:25,0:29:25,104.0,9:01,541.0,5:42,342.0,,,,,,False,,,,,,,False
1142971647,Run to stadiums,Run,2017-08-20T12:53:21Z,1.09,0:09:17,0:09:17,12.14,8:31,511.0,4:58,298.0,,,,,,False,,,,,,,False
1140366288,Humid AF,Run,2017-08-18T22:42:23Z,3.73,0:32:26,0:32:26,28.87,8:42,522.0,4:28,268.0,,,,,,False,,,,,,,False
1130189365,Seawheeeeze!!,Run,2017-08-12T14:22:10Z,13.15,1:54:43,1:54:43,838.91,8:43,523.0,5:35,335.0,,,,,,True,Half,,,,,,False
1125482306,Run to PT,Run,2017-08-09T18:07:37Z,3.02,0:24:48,0:24:48,20.67,8:13,493.0,3:16,196.0,,,,,,False,,,,,,,False
1123114219,Makeshift speed work,Run,2017-08-08T10:18:14Z,3.2,0:25:24,0:25:24,26.25,7:56,476.0,4:15,255.0,,,,,,False,,,,,,,False
1120245611,"One PT session, feel infinitely better!",Run,2017-08-06T13:23:56Z,7.26,1:00:59,1:00:59,105.31,8:24,504.0,4:52,292.0,,,,,,False,,,,,,,False
1116659719,Morning Run,Run,2017-08-04T10:29:23Z,2.13,0:18:56,0:18:56,11.48,8:52,532.0,4:15,255.0,,,,,,False,,,,,,,False
1115143946,Run with Tat!,Run,2017-08-03T10:17:25Z,4.21,0:36:34,0:36:34,63.65,8:40,520.0,4:23,263.0,,,,,,False,,,,,,,False
1113588710,Long run fail,Run,2017-08-02T10:24:25Z,4.78,0:44:22,0:44:22,33.14,9:16,556.0,2:30,150.0,,,,,,False,,,,,,,False
1111150921,Afternoon Run,Run,2017-07-31T21:31:16Z,2.75,0:22:07,0:22:07,30.18,8:01,481.0,4:42,282.0,,,,,,False,,,,,,,False
1104821088,SEAC speed,Run,2017-07-27T22:37:44Z,4.8,0:39:28,0:39:28,28.54,8:13,493.0,4:47,287.0,,,,,,False,,,,,,,False
1109846813,Evening Run,Run,2017-07-27T22:37:37Z,4.4,0:36:50,0:36:50,6.56,8:22,502.0,4:32,272.0,,,,,,False,,,,,,,False
1104742071,Run to HHRC,Run,2017-07-27T21:53:30Z,2.53,0:21:04,0:21:04,24.28,8:19,499.0,3:16,196.0,,,,,,False,,,,,,,False
1102403121,Morning Run,Run,2017-07-26T13:27:47Z,2.5,0:22:57,0:22:57,30.18,9:10,550.0,3:40,220.0,,,,,,False,,,,,,,False
1095803961,Morning Run,Run,2017-07-22T12:18:07Z,3.82,0:31:48,0:31:48,27.23,8:19,499.0,5:09,309.0,,,,,,False,,,,,,,False
1094141392,Morning Run,Run,2017-07-21T10:16:36Z,3.17,0:26:42,0:26:42,19.69,8:24,504.0,5:42,342.0,,,,,,False,,,,,,,False
1093272478,Run from Tat's GPS fail,Run,2017-07-20T18:21:45Z,1.9,0:19:40,0:19:40,7.22,10:22,622.0,5:42,342.0,,,,,,False,,,,,,,False
1089269477,Morning Run,Run,2017-07-18T10:05:13Z,3.78,0:34:35,0:34:35,15.75,9:08,548.0,5:15,315.0,,,,,,False,,,,,,,False
1086362080,Back for realsies,Run,2017-07-16T12:53:50Z,7.45,1:07:41,1:07:41,64.63,9:04,544.0,4:19,259.0,,,,,,False,,,,,,,False
1080531464,Treadmill,Run,2017-07-12T20:38:47Z,3.0,0:26:44,0:26:44,0.0,8:54,534.0,,,,,,,,False,,,,,,,False
1078083978,Morning Run,Run,2017-07-11T10:54:35Z,2.47,0:20:41,0:20:41,9.19,8:23,503.0,5:21,321.0,,,,,,False,,,,,,,False
1075069533,Death becomes her,Run,2017-07-09T11:00:08Z,8.0,1:15:48,1:15:48,124.67,9:28,568.0,4:00,240.0,,,,,,False,,,,,,,False
1071735975,Morning Run,Run,2017-07-07T10:45:30Z,2.06,0:17:23,0:17:23,9.51,8:25,505.0,5:09,309.0,,,,,,False,,,,,,,False
1068596284,Wet bulb death,Run,2017-07-05T11:08:32Z,2.52,0:22:08,0:22:08,8.53,8:46,526.0,7:14,434.0,,,,,,False,,,,,,,False
1064093091,"2 hot, 2 humid",Run,2017-07-02T13:38:55Z,6.4,1:01:30,1:01:30,0.0,9:36,576.0,,,,,,,,False,,,,,,,False
1060253863,Forgot to start my watch,Run,2017-06-29T23:09:24Z,1.4,0:10:51,0:10:51,0.0,7:44,464.0,,,,,,,,False,,,,,,,False
1060253252,Speed work ie run/walk,Run,2017-06-29T22:53:54Z,2.07,0:16:03,0:16:03,21.65,7:44,464.0,4:52,292.0,,,,,,False,,,,,,,False
1057318097,Evening Run,Run,2017-06-27T22:18:41Z,2.47,0:19:35,0:19:35,9.51,7:54,474.0,6:32,392.0,,,,,,False,,,,,,,False
1055810698,Feeling that weekend hike,Run,2017-06-26T22:52:03Z,3.85,0:29:42,0:29:42,30.18,7:42,462.0,4:47,287.0,,,,,,False,,,,,,,False
1048020834,Treadmill warmup,Run,2017-06-21T21:34:02Z,1.4,0:11:49,0:11:49,0.0,8:26,506.0,,,,,,,,False,,,,,,,False
1046498142,Evening Run,Run,2017-06-20T22:09:55Z,4.61,0:35:23,0:35:23,37.07,7:40,460.0,5:03,303.0,,,,,,False,,,,,,,False
1042900649,First landing with Courtney and Hannah,Run,2017-06-18T14:53:34Z,3.18,0:31:02,0:31:02,19.36,9:45,585.0,7:39,459.0,,,,,,False,,,,,,,False
1041440350,Random hills l6 s6,Run,2017-06-17T18:55:16Z,4.2,0:42:00,0:42:00,0.0,10:00,600.0,,,,,,,,False,,,,,,,False
1037610723,Morning Run,Run,2017-06-15T10:37:42Z,3.8,0:33:17,0:33:17,15.42,8:45,525.0,5:21,321.0,,,,,,False,,,,,,,False
1035400173,Treadmill,Run,2017-06-13T22:40:16Z,3.1,0:30:00,0:30:00,0.0,9:40,580.0,,,,,,,,False,,,,,,,False
1031434728,Morning Run,Run,2017-06-11T12:12:58Z,4.28,0:38:08,0:38:08,16.73,8:54,534.0,5:21,321.0,,,,,,False,,,,,,,False
1029416131,Post dive soreness/ pre drive soreness with Hannah,Run,2017-06-10T10:33:10Z,2.8,0:27:21,0:27:21,174.21,9:45,585.0,8:39,519.0,,,,,,False,,,,,,,False
1026176792,Cool down to Tat's!,Run,2017-06-07T22:23:41Z,1.59,0:14:20,0:14:20,11.15,9:01,541.0,7:14,434.0,,,,,,False,,,,,,,False
1026176735,"It might not be the best, but it was #MyMile",Run,2017-06-07T22:02:26Z,1.02,0:06:59,0:06:59,0.0,6:51,411.0,5:35,335.0,,,,,,False,,,,,,,False
1026176654,Warm up 2,Run,2017-06-07T21:49:49Z,0.59,0:04:51,0:04:51,0.0,8:12,492.0,4:32,272.0,,,,,,False,,,,,,,False
1026176597,Warm up 1,Run,2017-06-07T21:19:05Z,1.76,0:15:39,0:15:39,0.0,8:54,534.0,2:45,165.0,,,,,,False,,,,,,,False
1020599441,Why do I feel so terrible?,Run,2017-06-04T11:30:10Z,3.2,0:28:54,0:28:54,9.51,9:01,541.0,6:23,383.0,,,,,,False,,,,,,,False
1019141826,Trail run with Courtney!,Run,2017-06-03T13:51:14Z,4.21,0:38:04,0:38:04,90.55,9:02,542.0,6:42,402.0,,,,,,False,,,,,,,False
1015769193,Morning Run,Run,2017-06-01T10:37:37Z,3.42,0:29:13,0:29:13,10.17,8:32,512.0,4:28,268.0,,,,,,False,,,,,,,False
1014161376,Morning Run,Run,2017-05-31T10:50:30Z,3.02,0:23:36,0:23:36,8.53,7:48,468.0,6:42,402.0,,,,,,False,,,,,,,False
1010600287,Afternoon Run,Run,2017-05-28T21:19:00Z,6.15,0:51:18,0:51:18,28.22,8:20,500.0,4:52,292.0,,,,,,False,,,,,,,False
1004828516,Recovery,Run,2017-05-25T11:31:27Z,2.15,0:19:10,0:19:10,0.0,8:54,534.0,5:42,342.0,,,,,,False,,,,,,,False
999693462,Sugarloaf Marathon,Run,2017-05-21T11:00:28Z,26.5,4:05:30,4:05:30,452.43,9:15,555.0,2:44,164.0,,,,,,True,Marathon,,,,,,False
997548424,Shakeout,Run,2017-05-20T20:25:30Z,2.03,0:18:41,0:18:41,66.93,9:11,551.0,6:32,392.0,,,,,,False,,,,,,,False
993455886,Five n jive with Tat!!,Run,2017-05-17T23:48:09Z,4.9,0:43:46,0:43:46,0.0,8:55,535.0,,,,,,,,False,,,,,,,False
990222006,(Temporarily) back in Beantown,Run,2017-05-16T18:20:11Z,3.3,0:28:49,0:28:49,0.0,8:43,523.0,3:04,184.0,,,,,,False,,,,,,,False
984703522,Morning Run,Run,2017-05-13T17:28:08Z,8.09,1:09:11,1:09:11,291.34,8:33,513.0,6:05,365.0,,,,,,False,,,,,,,False
982197386,That good ole Seattle weather,Run,2017-05-12T00:44:56Z,6.2,0:54:28,0:54:28,517.39,8:47,527.0,4:58,298.0,,,,,,False,,,,,,,False
969578880,Lunch Run,Run,2017-05-03T18:07:52Z,5.26,0:42:51,0:42:51,348.75,8:08,488.0,4:19,259.0,,,,,,False,,,,,,,False
968355819,Run with Ari,Run,2017-05-02T23:15:19Z,2.0,0:20:27,0:20:27,166.67,10:12,612.0,6:14,374.0,,,,,,False,,,,,,,False
965305566,Running on fumes... but it's TAPER TIME!!,Run,2017-04-30T20:27:35Z,18.03,2:37:36,2:37:36,896.0,8:44,524.0,5:09,309.0,,,,,,False,,,,,,,False
964636033,Maybe later long run...,Run,2017-04-30T14:39:04Z,1.43,0:12:45,0:12:45,132.22,8:55,535.0,5:42,342.0,,,,,,False,,,,,,,False
963761910,Ari's first 5k!!,Run,2017-04-30T03:17:57Z,3.53,0:35:47,0:35:47,124.67,10:08,608.0,7:53,473.0,,,,,,False,,,,,,,False
962075657,Afternoon Run,Run,2017-04-28T23:13:34Z,8.56,1:09:58,1:09:58,466.86,8:10,490.0,4:23,263.0,,,,,,False,,,,,,,False
959225407,Morning Run,Run,2017-04-26T17:08:57Z,8.64,1:17:43,1:17:43,466.86,8:59,539.0,4:23,263.0,,,,,,False,,,,,,,False
958322479,Just not feeling it,Run,2017-04-26T00:43:05Z,3.89,0:32:47,0:32:47,144.69,8:25,505.0,6:42,402.0,,,,,,False,,,,,,,False
956880816,Afternoon Run,Run,2017-04-24T23:49:23Z,8.59,1:09:11,1:09:11,466.54,8:03,483.0,4:00,240.0,,,,,,False,,,,,,,False
952238820,Afternoon Run,Run,2017-04-22T00:24:39Z,4.39,0:36:51,0:36:51,180.12,8:23,503.0,5:15,315.0,,,,,,False,,,,,,,False
950966682,Blood sugar drop,Run,2017-04-20T22:44:32Z,2.13,0:19:37,0:19:37,210.63,9:12,552.0,6:23,383.0,,,,,,False,,,,,,,False
949638050,Afternoon Run,Run,2017-04-19T22:46:49Z,4.51,0:36:08,0:36:08,251.97,8:00,480.0,5:57,357.0,,,,,,False,,,,,,,False
946925134,Afternoon Run,Run,2017-04-17T21:50:09Z,20.06,2:55:40,2:55:40,903.54,8:45,525.0,4:58,298.0,,,,,,False,,,,,,,False
945446011,Run with Ari,Run,2017-04-16T23:17:23Z,3.15,0:28:12,0:28:12,127.3,8:56,536.0,5:28,328.0,,,,,,False,,,,,,,False
944035650,Track workout,Run,2017-04-15T23:55:44Z,4.3,0:34:10,0:34:10,215.88,7:56,476.0,5:15,315.0,,,,,,False,,,,,,,False
941056539,Afternoon Run,Run,2017-04-13T23:40:00Z,4.53,0:37:37,0:37:37,253.61,8:18,498.0,5:35,335.0,,,,,,False,,,,,,,False
939822841,10xYasso 800s w/ wu/cd,Run,2017-04-13T00:26:56Z,9.33,1:12:17,1:12:17,218.18,7:44,464.0,5:09,309.0,,,,,,False,,,,,,,False
938455626,+ 6x strides,Run,2017-04-11T23:43:57Z,6.4,0:52:28,0:52:28,389.76,8:12,492.0,4:11,251.0,,,,,,False,,,,,,,False
935600047,Lunch Run,Run,2017-04-09T18:56:18Z,8.4,1:16:56,1:16:56,467.85,9:09,549.0,5:49,349.0,,,,,,False,,,,,,,False
933811149,Afternoon Run,Run,2017-04-08T22:52:59Z,4.4,0:37:25,0:37:25,179.79,8:30,510.0,5:35,335.0,,,,,,False,,,,,,,False
931208393,Hills / mini tempo / strides,Run,2017-04-06T23:27:37Z,4.98,0:39:37,0:39:37,485.56,7:57,477.0,4:23,263.0,,,,,,False,,,,,,,False
929834658,Afternoon Run,Run,2017-04-05T21:41:04Z,7.09,1:01:07,1:01:07,462.93,8:37,517.0,5:28,328.0,,,,,,False,,,,,,,False
928474381,Afternoon Run,Run,2017-04-04T22:33:37Z,5.1,0:42:19,0:42:19,257.55,8:17,497.0,5:15,315.0,,,,,,False,,,,,,,False
925735057,"Binging on podcasts about the abduction of a 30 year old woman, while running through rural nowhere WA 😬",Run,2017-04-02T18:02:08Z,16.0,2:25:13,2:25:13,1051.51,9:04,544.0,6:23,383.0,,,,,,False,,,,,,,False
924006334,Those ice cream cookie cramps,Run,2017-04-01T23:15:16Z,2.26,0:19:38,0:19:38,36.75,8:42,522.0,7:14,434.0,,,,,,False,,,,,,,False
922584063,New shoes,Run,2017-03-31T23:39:24Z,3.32,0:29:10,0:29:10,145.01,8:47,527.0,6:42,402.0,,,,,,False,,,,,,,False
921474260,C/d,Run,2017-03-31T00:19:15Z,1.0,0:09:01,0:09:01,0.0,8:59,539.0,8:07,487.0,,,,,,False,,,,,,,False
921456964,1.5 x 5k,Run,2017-03-30T23:28:28Z,4.8,0:36:53,0:36:53,199.8,7:41,461.0,5:35,335.0,,,,,,False,,,,,,,False
921474211,W/u,Run,2017-03-30T23:06:04Z,1.1,0:10:01,0:10:01,130.25,9:08,548.0,7:39,459.0,,,,,,False,,,,,,,False
919804169,"4 + 6xstrides, c/d",Run,2017-03-29T18:05:30Z,4.69,0:38:41,0:38:41,259.84,8:15,495.0,4:11,251.0,,,,,,False,,,,,,,False
918774446,Afternoon Run,Run,2017-03-28T23:22:20Z,5.0,0:41:08,0:41:08,209.97,8:13,493.0,6:23,383.0,,,,,,False,,,,,,,False
915684899,The run that broke marathon trainings back,Run,2017-03-26T14:06:10Z,10.06,1:24:57,1:24:57,575.79,8:26,506.0,1:18,78.0,,,,,,False,,,,,,,False
914474277,Test run of new inserts/cough medicine,Run,2017-03-25T22:42:42Z,2.02,0:16:39,0:16:39,77.76,8:13,493.0,6:05,365.0,,,,,,False,,,,,,,False
912998536,Afternoon Run,Run,2017-03-24T22:07:33Z,7.09,0:57:54,0:57:54,434.71,8:10,490.0,5:28,328.0,,,,,,False,,,,,,,False
910351084,Mini track workout,Run,2017-03-22T17:37:38Z,3.85,0:32:09,0:32:09,210.3,8:21,501.0,5:57,357.0,,,,,,False,,,,,,,False
909538436,Baby hills,Run,2017-03-22T00:05:26Z,2.05,0:18:00,0:18:00,136.48,8:45,525.0,7:14,434.0,,,,,,False,,,,,,,False
907511374,First Friday Harbor run,Run,2017-03-20T13:20:01Z,3.74,0:32:27,0:32:27,142.39,8:40,520.0,6:52,412.0,,,,,,False,,,,,,,False
904958606,Ready for dim sum,Run,2017-03-18T12:48:18Z,13.18,1:58:36,1:58:36,82.68,9:00,540.0,5:49,349.0,,,,,,False,,,,,,,False
902801699,NOPE,Run,2017-03-16T19:08:50Z,0.85,0:07:31,0:07:31,0.0,8:47,527.0,5:35,335.0,,,,,,False,,,,,,,False
899830345,Long & Weak with Tat,Run,2017-03-14T13:09:14Z,6.3,1:04:00,1:04:00,0.0,10:09,609.0,,,,,,,,False,,,,,,,False
899098419,It's cold and I'm sick run/walk,Run,2017-03-13T20:11:37Z,3.04,0:23:39,0:23:39,0.0,7:47,467.0,6:05,365.0,,,,,,False,,,,,,,False
894429586,Back home run with Tat and Margo!!,Run,2017-03-10T10:45:22Z,5.13,0:45:38,0:45:38,0.0,8:53,533.0,7:03,423.0,,,,,,False,,,,,,,False
892054824,"I'll miss you Panama, but not your humidity",Run,2017-03-08T10:51:09Z,6.08,0:56:37,0:56:37,445.21,9:18,558.0,5:28,328.0,,,,,,False,,,,,,,False
879666017,85% humidity never felt so good,Run,2017-02-25T21:46:48Z,5.22,0:43:35,0:43:35,654.53,8:21,501.0,5:35,335.0,,,,,,False,,,,,,,False
874005532,Last Bocas long run!!,Run,2017-02-20T21:37:06Z,15.09,2:20:05,2:20:05,136.48,9:17,557.0,5:03,303.0,,,,,,False,,,,,,,False
870479329,Morning Run,Run,2017-02-18T11:20:11Z,2.0,0:17:39,0:17:39,146.33,8:48,528.0,7:14,434.0,,,,,,False,,,,,,,False
869376128,Morning Run,Run,2017-02-17T10:20:00Z,3.71,0:33:55,0:33:55,0.0,9:08,548.0,,,,,,,,False,,,,,,,False
864557760,Still hungover,Run,2017-02-12T22:03:00Z,9.5,1:20:51,1:20:51,0.0,8:30,510.0,,,,,,,,False,,,,,,,False
860491775,"Failed long run - 2 hot, 2 muggy",Run,2017-02-09T13:13:40Z,3.0,0:27:42,0:27:42,52.17,9:14,554.0,7:27,447.0,,,,,,False,,,,,,,False
857097166,Morning Run,Run,2017-02-06T11:14:32Z,5.0,0:44:08,0:44:08,402.23,8:49,529.0,6:23,383.0,,,,,,False,,,,,,,False
853670784,Morning Run,Run,2017-02-03T12:12:42Z,2.0,0:17:31,0:17:31,39.37,8:44,524.0,7:14,434.0,,,,,,False,,,,,,,False
850658912,Not 11.9 miles!!! 12 miles!!,Run,2017-01-31T15:28:54Z,12.0,1:48:57,1:48:57,848.1,9:04,544.0,4:52,292.0,,,,,,False,,,,,,,False
844773623,Why did the map lie to me about elevation?!,Run,2017-01-26T10:17:20Z,7.0,1:04:01,1:04:01,457.68,9:08,548.0,7:27,447.0,,,,,,False,,,,,,,False
840374291,Run with Dennis,Run,2017-01-22T11:17:28Z,4.25,0:37:51,0:37:51,103.67,8:54,534.0,7:03,423.0,,,,,,False,,,,,,,False
838096515,End of a long stressful week run attempt,Run,2017-01-20T12:29:58Z,3.15,0:30:35,0:30:35,46.92,9:43,583.0,5:35,335.0,,,,,,False,,,,,,,False
832608403,10 miles.. not feeling it,Run,2017-01-15T10:24:43Z,9.5,1:30:20,1:30:20,198.49,9:30,570.0,7:53,473.0,,,,,,False,,,,,,,False
829486013,Morning Run with Dennis,Run,2017-01-12T11:17:20Z,4.37,0:38:06,0:38:06,149.28,8:42,522.0,5:03,303.0,,,,,,False,,,,,,,False
827286706,"Rain, beach and hills",Run,2017-01-10T11:32:35Z,7.09,0:59:22,0:59:22,260.5,8:22,502.0,5:49,349.0,,,,,,False,,,,,,,False
823879551,Morning Run,Run,2017-01-07T11:12:04Z,2.75,0:28:34,0:28:34,100.07,10:24,624.0,5:03,303.0,,,,,,False,,,,,,,False
821874880,Group run by base,Run,2017-01-05T11:20:41Z,3.38,0:35:36,0:35:36,134.84,10:31,631.0,7:03,423.0,,,,,,False,,,,,,,False
819845455,First panama run! With Ari. GPS fail,Run,2017-01-03T14:29:32Z,1.43,0:14:56,0:14:56,119.09,10:27,627.0,7:14,434.0,,,,,,False,,,,,,,False
816833057,Last HHRC workout!! Long and strong,Run,2016-12-31T13:33:15Z,7.0,1:05:00,1:05:00,0.0,9:17,557.0,,,,,,,,False,,,,,,,False
813725138,Reservoir loop,Run,2016-12-28T12:32:01Z,5.72,0:54:52,0:54:52,415.03,9:35,575.0,5:49,349.0,,,,,,False,,,,,,,False
806729213,HHRC long and strong,Run,2016-12-20T02:20:00Z,7.2,1:08:00,1:08:00,0.0,9:26,566.0,,,,,,,,False,,,,,,,False
803655156,Killer 3s,Run,2016-12-16T11:58:55Z,3.0,0:30:00,0:30:00,0.0,10:00,600.0,,,,,,,,False,,,,,,,False
803358460,HHRC Jog and nog,Run,2016-12-15T23:40:49Z,3.7,0:32:22,0:32:22,54.46,8:44,524.0,4:19,259.0,,,,,,False,,,,,,,False
803335821,Run to HHRC,Run,2016-12-15T23:03:24Z,2.88,0:21:39,0:21:39,0.0,7:30,450.0,4:47,287.0,,,,,,False,,,,,,,False
801779308,HHRC killer 3s,Run,2016-12-13T23:25:12Z,3.0,0:30:00,0:30:00,0.0,10:00,600.0,,,,,,,,False,,,,,,,False
799646569,Yulefest 5k -PR 21:31,Run,2016-12-11T14:30:25Z,3.01,0:21:30,0:21:30,34.45,7:08,428.0,3:56,236.0,,,,,,True,5k,,,,,,False
797371675,SEAC speed,Run,2016-12-08T23:38:03Z,4.72,0:46:31,0:46:31,0.0,9:51,591.0,3:37,217.0,,,,,,False,,,,,,,False
794684204,Power 26,Run,2016-12-05T23:00:56Z,2.6,0:25:00,0:25:00,0.0,9:36,576.0,,,,,,,,False,,,,,,,False
793388461,With Tat and Margoboe,Run,2016-12-04T13:34:35Z,6.49,0:56:02,0:56:02,0.0,8:37,517.0,4:52,292.0,,,,,,False,,,,,,,False
791602616,Thanks for hitting my car asshole,Run,2016-12-02T18:08:30Z,3.51,0:25:37,0:25:37,89.57,7:17,437.0,4:07,247.0,,,,,,False,,,,,,,False
789682899,NP PR day - PR 35:14,Run,2016-11-30T11:39:37Z,1.72,0:21:58,0:21:58,0.0,12:47,767.0,5:21,321.0,,,,,,False,,,,,,,False
788823154,Nike run club track workout,Run,2016-11-29T13:31:09Z,2.98,0:19:49,0:19:49,0.0,6:38,398.0,,,,,,,,False,,,,,,,False
787444685,Reservoir with Kristen,Run,2016-11-27T18:28:32Z,5.11,1:03:52,1:03:52,402.89,12:29,749.0,5:42,342.0,,,,,,False,,,,,,,False
784228083,Holden turkey trot,Run,2016-11-24T13:00:39Z,3.16,0:22:56,0:22:56,154.2,7:16,436.0,5:09,309.0,,,,,,True,5k,,,,,,False
783341818,NP stadiums - relay man,Run,2016-11-23T11:48:56Z,0.61,0:16:23,0:16:23,0.0,26:49:00,1609.0,12:11,731.0,,,,,,False,,,,,,,False
781223769,Reservoir trail,Run,2016-11-20T20:04:48Z,5.64,0:54:32,0:54:32,402.89,9:39,579.0,4:52,292.0,,,,,,False,,,,,,,False
780257576,NP movie night,Run,2016-11-19T23:38:27Z,1.14,0:12:12,0:12:12,0.0,10:43,643.0,7:27,447.0,,,,,,False,,,,,,,False
779924022,Failed stadiums,Run,2016-11-19T15:51:43Z,4.68,0:36:50,0:36:50,0.0,7:52,472.0,3:53,233.0,,,,,,False,,,,,,,False
778502533,Heartbreakers recruitment,Run,2016-11-17T23:51:33Z,2.97,0:28:54,0:28:54,0.0,9:44,584.0,2:26,146.0,,,,,,False,,,,,,,False
778470656,Run to heartbreakers,Run,2016-11-17T23:05:53Z,2.86,0:21:17,0:21:17,0.0,7:27,447.0,4:42,282.0,,,,,,False,,,,,,,False
777631435,Heartbreakers five and jive,Run,2016-11-16T23:13:08Z,5.56,0:48:42,0:48:42,0.0,8:45,525.0,6:32,392.0,,,,,,False,,,,,,,False
774374506,Pukey half,Run,2016-11-13T13:01:12Z,12.87,1:45:57,1:45:57,75.13,8:14,494.0,5:49,349.0,,,,,,True,Half,,,,,,False
770954607,Angry run,Run,2016-11-09T22:24:12Z,5.31,0:40:27,0:40:27,0.0,7:37,457.0,4:47,287.0,,,,,,False,,,,,,,False
770193074,Inaugural Heartbreakers run,Run,2016-11-08T23:40:52Z,5.41,0:47:07,0:47:07,65.29,8:42,522.0,5:21,321.0,,,,,,False,,,,,,,False
766605464,Run NYC,Run,2016-11-05T13:34:46Z,8.29,1:09:17,1:09:17,215.88,8:21,501.0,3:56,236.0,,,,,,False,,,,,,,False
765122351,Toe woes,Run,2016-11-03T22:37:44Z,3.09,0:24:07,0:24:07,148.95,7:47,467.0,5:15,315.0,,,,,,False,,,,,,,False
763528699,NP 5th birthday!!,Run,2016-11-02T10:40:54Z,1.17,0:38:18,0:38:18,0.0,32:47:00,1967.0,11:39,699.0,,,,,,False,,,,,,,False
759569598,Morning Run,Run,2016-10-29T14:58:57Z,15.28,2:06:50,2:06:50,0.0,8:18,498.0,4:32,272.0,,,,,,False,,,,,,,False
756360104,Study stadiums 40:26,Run,2016-10-26T10:39:51Z,1.07,0:05:52,0:05:52,0.0,5:30,330.0,15:46,946.0,,,,,,False,,,,,,,False
755360531,Morning Run,Run,2016-10-25T10:30:28Z,7.27,0:58:50,0:58:50,0.0,8:05,485.0,4:47,287.0,,,,,,False,,,,,,,False
750988643,Whoops a little more than I intended...,Run,2016-10-20T22:06:10Z,6.12,0:53:38,0:53:38,0.0,8:45,525.0,5:28,328.0,,,,,,False,,,,,,,False
749416948,Recovery stadiums,Run,2016-10-19T10:08:01Z,0.9,0:05:19,0:05:19,0.0,5:54,354.0,22:21,1341.0,,,,,,False,,,,,,,False
749043192,From PT,Run,2016-10-18T22:53:22Z,0.45,0:03:44,0:03:44,0.0,8:19,499.0,3:40,220.0,,,,,,False,,,,,,,False
748989315,Run to PT,Run,2016-10-18T21:42:19Z,0.97,0:08:08,0:08:08,0.0,8:20,500.0,6:42,402.0,,,,,,False,,,,,,,False
746796371,"Baystate Marathon - not my day, but a PR nonetheless",Run,2016-10-16T12:03:25Z,26.42,3:48:34,3:48:34,173.56,8:39,519.0,6:42,402.0,,,,,,True,Marathon,,,,,,False
744581309,"Working out the kinks, post road trip",Run,2016-10-14T19:21:34Z,3.47,0:26:42,0:26:42,90.88,7:42,462.0,3:53,233.0,,,,,,False,,,,,,,False
741736054,Quoddy Head State Park,Run,2016-10-11T18:56:45Z,3.22,0:29:29,0:29:29,235.89,9:09,549.0,4:52,292.0,,,,,,False,,,,,,,False
739618589,Taper,Run,2016-10-09T15:46:00Z,8.05,1:02:04,1:02:04,0.0,7:42,462.0,3:46,226.0,,,,,,False,,,,,,,False
737042321,"Hills and stairs, hills and stairs",Run,2016-10-07T10:37:00Z,3.95,0:41:18,0:41:18,964.24,10:27,627.0,6:52,412.0,,,,,,False,,,,,,,False
735038846,Lazy NP stadiums,Run,2016-10-05T10:37:35Z,1.15,0:37:15,0:37:15,0.0,32:21:00,1941.0,15:46,946.0,,,,,,False,,,,,,,False
734635963,Evening Run with Tat and Margo!,Run,2016-10-04T22:40:25Z,4.86,0:39:52,0:39:52,0.0,8:12,492.0,4:23,263.0,,,,,,False,,,,,,,False
732014922,Smuttynose Rockfest PR!!!,Run,2016-10-02T12:03:00Z,13.18,1:41:27,1:41:27,55.12,7:41,461.0,5:57,357.0,,,,,,True,Half,,,,,,False
727697892,Forgot to start watch - 25:21 for last 27 sections,Run,2016-09-28T10:46:05Z,0.91,0:12:51,0:12:51,0.0,14:11,851.0,13:24,804.0,,,,,,False,,,,,,,False
727292635,GPS fail 7.3 miles,Run,2016-09-27T23:01:24Z,7.01,0:57:27,0:57:27,0.0,8:12,492.0,5:57,357.0,,,,,,False,,,,,,,False
723315573,Yayayayyyyyyay!!!!,Run,2016-09-24T12:14:31Z,20.06,2:48:42,2:48:42,0.0,8:24,504.0,2:01,121.0,,,,,,False,,,,,,,False
721634219,Boston summer series - last one!!,Run,2016-09-22T22:03:37Z,3.09,0:21:45,0:21:45,0.0,7:01,421.0,5:57,357.0,,,,,,True,5k,,,,,,False
720865274,Tat's bday stadiums!,Run,2016-09-21T10:07:26Z,1.3,0:06:55,0:06:55,0.0,5:18,318.0,17:52,1072.0,,,,,,False,,,,,,,False
716699567,Just in time for dim sum,Run,2016-09-18T12:17:05Z,17.0,2:34:09,2:34:09,0.0,9:04,544.0,6:42,402.0,,,,,,False,,,,,,,False
714668804,Tempo run - deeply regretting that tuna melt,Run,2016-09-16T21:48:53Z,7.06,0:55:19,0:55:19,0.0,7:50,470.0,4:58,298.0,,,,,,False,,,,,,,False
708693095,Fellsfest 10 miles,Run,2016-09-11T13:00:29Z,9.49,1:27:01,1:27:01,466.86,9:09,549.0,5:57,357.0,,,,,,True,Other,,,,,,False
705542092,Boston 5k summer series #6,Run,2016-09-08T22:34:40Z,3.08,0:22:33,0:22:33,0.0,8:04,484.0,5:57,357.0,,,,,,True,5k,,,,,,False
703557331,NP stadiums 32 sections 30:56,Run,2016-09-07T10:40:13Z,1.03,0:09:03,0:09:03,0.0,8:45,525.0,12:46,766.0,,,,,,False,,,,,,,False
701774883,Yay new pains!!,Run,2016-09-05T17:47:43Z,9.04,1:27:42,1:27:42,771.0,9:42,582.0,4:37,277.0,,,,,,False,,,,,,,False
699095858,SF embarcadero run,Run,2016-09-03T14:55:09Z,5.06,0:38:57,0:38:57,42.32,7:41,461.0,2:37,157.0,,,,,,False,,,,,,,False
690890646,Visiting all the old Seattle haunts,Run,2016-08-27T12:59:19Z,16.04,2:37:38,2:37:38,1061.68,9:49,589.0,2:39,159.0,,,,,,False,,,,,,,False
688338891,"NPS centennial virtual 5k""""",Run,2016-08-25T09:49:36Z,4.59,0:39:06,0:39:06,0.0,8:31,511.0,2:58,178.0,,,,,,False,,,,,,,False
687212359,NP frogaust 40 sections 38:35,Run,2016-08-24T10:39:33Z,1.32,0:15:59,0:15:59,0.0,12:07,727.0,14:54,894.0,,,,,,False,,,,,,,False
683855328,Morning Run,Run,2016-08-21T13:18:33Z,9.01,1:13:28,1:13:28,0.0,8:09,489.0,3:16,196.0,,,,,,False,,,,,,,False
679227565,NP frogman 40 sections 41:17,Run,2016-08-17T10:38:48Z,1.57,0:15:48,0:15:48,0.0,10:02,602.0,3:31,211.0,,,,,,False,,,,,,,False
674626883,Morning Run,Run,2016-08-13T13:50:44Z,14.04,2:02:17,2:02:17,0.0,8:42,522.0,1:26,86.0,,,,,,False,,,,,,,False
672916079,Summer 5k series #5,Run,2016-08-11T23:05:36Z,3.09,0:24:05,0:24:05,0.0,7:48,468.0,6:14,374.0,,,,,,True,5k,,,,,,False
671100613,NP frogman 40 sections 38:50,Run,2016-08-10T10:40:22Z,1.31,0:17:12,0:17:12,0.0,13:08,788.0,15:46,946.0,,,,,,False,,,,,,,False
668030130,Woke up feeling better,Run,2016-08-07T15:39:43Z,6.59,1:26:00,1:26:00,709.97,13:02,782.0,5:57,357.0,,,,,,False,,,,,,,False
665730344,Tried reintroducing my lungs to their old friend exercise.. It didn't go well,Run,2016-08-05T19:56:02Z,1.59,0:16:07,0:16:07,34.78,10:09,609.0,4:37,277.0,,,,,,False,,,,,,,False
656958649,If this run was a person.. I would punch it in the face,Run,2016-07-29T00:10:26Z,2.48,0:23:01,0:23:01,0.0,9:16,556.0,6:42,402.0,,,,,,False,,,,,,,False
655154938,"NP stadiums PR day - full tour, 36:05:00",Run,2016-07-27T10:38:39Z,1.27,0:18:31,0:18:31,0.0,14:31,871.0,11:39,699.0,,,,,,False,,,,,,,False
655154871,Run to stadiums,Run,2016-07-27T10:11:30Z,1.23,0:11:56,0:11:56,0.0,9:42,582.0,8:07,487.0,,,,,,False,,,,,,,False
651977010,"Tat and San attempt Fellsfest course, get lost, bushwhack",Run,2016-07-24T13:24:55Z,9.13,1:33:35,1:33:35,418.96,10:14,614.0,6:05,365.0,,,,,,False,,,,,,,False
649462992,NP hills and burpees death,Run,2016-07-22T10:37:17Z,2.76,0:26:50,0:26:50,426.51,9:43,583.0,7:14,434.0,,,,,,False,,,,,,,False
647272539,NP stadiums 40 sections 38:53,Run,2016-07-20T10:39:37Z,1.51,0:25:37,0:25:37,0.0,17:01,1021.0,9:14,554.0,,,,,,False,,,,,,,False
643879541,Morning Run,Run,2016-07-17T11:31:44Z,10.03,1:31:58,1:31:58,0.0,9:10,550.0,1:54,114.0,,,,,,False,,,,,,,False
641567374,Slow-ass post race hills,Run,2016-07-15T10:37:43Z,2.77,0:29:33,0:29:33,549.54,10:40,640.0,7:03,423.0,,,,,,False,,,,,,,False
641243139,Boston summer series 5k - most humid race EVER!,Run,2016-07-14T23:48:03Z,3.09,0:22:50,0:22:50,0.0,7:23,443.0,5:42,342.0,,,,,,True,5k,,,,,,False
641243073,Warmup run,Run,2016-07-14T22:50:25Z,1.0,0:08:48,0:08:48,0.0,8:47,527.0,7:53,473.0,,,,,,False,,,,,,,False
639476423,NP stadiums - 35 sections 35:39,Run,2016-07-13T10:40:21Z,1.3,0:17:12,0:17:12,0.0,13:13,793.0,13:24,804.0,,,,,,False,,,,,,,False
637314026,Morning Run,Run,2016-07-11T10:22:52Z,9.05,1:13:28,1:13:28,0.0,8:06,486.0,2:31,151.0,,,,,,False,,,,,,,False
636980162,VERT Sasquatch sprint trail race,Run,2016-07-09T23:00:16Z,2.23,0:17:19,0:17:19,146.0,7:45,465.0,4:47,287.0,,,,,,True,Other,,,,,,False
634007518,NP Summit Ave  - PR day,Run,2016-07-08T10:36:40Z,4.14,0:37:46,0:37:46,621.72,9:07,547.0,5:35,335.0,,,,,,False,,,,,,,False
631897095,NP stadiums - Frogman 44 sections  44:30,Run,2016-07-06T10:35:54Z,1.62,0:16:52,0:16:52,0.0,10:25,625.0,8:39,519.0,,,,,,False,,,,,,,False
628521221,Camping run,Run,2016-07-03T10:33:02Z,8.73,1:22:05,1:22:05,146.65,9:24,564.0,5:28,328.0,,,,,,False,,,,,,,False
626109956,Running while sick: good idea / bad idea?,Run,2016-06-30T22:53:11Z,4.56,0:40:06,0:40:06,121.06,8:48,528.0,4:23,263.0,,,,,,False,,,,,,,False
620756205,First putative marathon training run,Run,2016-06-25T20:00:05Z,9.18,1:15:03,1:15:03,184.71,8:10,490.0,1:33,93.0,,,,,,False,,,,,,,False
613000518,Skyline,Run,2016-06-18T13:17:26Z,7.5,1:26:03,1:26:03,983.27,11:28,688.0,2:40,160.0,,,,,,False,,,,,,,False
611849631,Boston summer series #3,Run,2016-06-16T23:37:34Z,3.17,0:22:13,0:22:13,0.0,7:01,421.0,5:21,321.0,,,,,,True,5k,,,,,,False
609968438,NP stadiums - full tour,Run,2016-06-15T10:38:43Z,1.39,0:19:20,0:19:20,0.0,13:56,836.0,6:14,374.0,,,,,,False,,,,,,,False
607916302,Morning Run,Run,2016-06-13T10:21:00Z,3.65,0:29:21,0:29:21,88.58,8:02,482.0,2:29,149.0,,,,,,False,,,,,,,False
604697003,Morning Run,Run,2016-06-10T10:18:35Z,4.89,0:46:13,0:46:13,0.0,9:27,567.0,4:00,240.0,,,,,,False,,,,,,,False
601014090,Evening Run,Run,2016-06-06T22:59:25Z,3.64,0:29:49,0:29:49,90.55,8:11,491.0,2:36,156.0,,,,,,False,,,,,,,False
598319763,"Rough Skyline run""""",Run,2016-06-04T15:02:56Z,6.73,1:30:26,1:30:26,936.35,13:26,806.0,4:52,292.0,,,,,,False,,,,,,,False
589331648,Boston Summer series #2,Run,2016-05-26T23:45:09Z,3.04,0:21:44,0:21:44,0.0,7:08,428.0,5:21,321.0,,,,,,True,5k,,,,,,False
584931858,Harpoon 5 miler,Run,2016-05-22T14:05:32Z,4.9,0:36:52,0:36:52,0.0,7:31,451.0,5:03,303.0,,,,,,True,5M,,,,,,False
577431944,Afternoon Run,Run,2016-05-15T21:40:29Z,4.46,0:35:37,0:35:37,0.0,7:58,478.0,4:03,243.0,,,,,,False,,,,,,,False
574183895,Evening Run,Run,2016-05-12T22:27:48Z,3.34,0:29:34,0:29:34,89.24,8:51,531.0,5:21,321.0,,,,,,False,,,,,,,False
566890492,Boston Summer Series,Run,2016-05-05T22:35:40Z,3.1,0:23:07,0:23:07,0.0,7:27,447.0,5:35,335.0,98.9,106.0,100.0,27.3,0.0,True,5k,,,,,,False
561462849,North Face ECS New York,Run,2016-04-30T23:05:20Z,6.5,1:01:30,1:01:30,0.0,9:27,567.0,,,,,,,,False,,,,,,,False
556878869,Evening Run,Run,2016-04-25T23:28:11Z,3.51,0:28:39,0:28:39,88.25,8:10,490.0,4:47,287.0,,,,,,False,,,,,,,False
554429352,Morning Run,Run,2016-04-23T14:44:56Z,6.63,1:23:01,1:23:01,957.35,12:31,751.0,3:53,233.0,,,,,,False,,,,,,,False
655878365,Evening Run,Run,2016-04-19T23:41:18Z,3.68,0:29:18,0:29:18,90.88,7:58,478.0,4:28,268.0,,,,,,False,,,,,,,False
547140629,Morning Run,Run,2016-04-16T14:23:02Z,6.97,1:34:49,1:34:49,959.32,13:36,816.0,4:37,277.0,,,,,,False,,,,,,,False
545600952,Evening Run,Run,2016-04-14T22:04:11Z,3.23,0:25:04,0:25:04,54.79,7:45,465.0,5:35,335.0,,,,,,False,,,,,,,False
540405928,Skyline,Run,2016-04-09T16:54:53Z,6.8,1:29:19,1:29:19,968.5,13:08,788.0,5:49,349.0,,,,,,False,,,,,,,False
536914338,Hair salon run,Run,2016-04-05T21:38:29Z,2.83,0:22:48,0:22:48,0.0,8:03,483.0,4:37,277.0,,,,,,False,,,,,,,False
533598128,Morning Ride,Run,2016-04-02T13:56:23Z,7.12,1:43:26,1:43:26,974.74,14:31,871.0,6:42,402.0,,,,,,False,,,,,,,False
529438591,Evening Run,Run,2016-03-28T23:26:28Z,3.47,0:28:52,0:28:52,87.93,8:19,499.0,4:58,298.0,,,,,,False,,,,,,,False
527652823,Afternoon Run,Run,2016-03-26T21:55:38Z,4.56,0:41:25,0:41:25,95.14,9:05,545.0,4:28,268.0,,,,,,False,,,,,,,False
524188020,Evening Run,Run,2016-03-22T22:31:55Z,5.2,0:42:07,0:42:07,0.0,8:05,485.0,4:37,277.0,,,,,,False,,,,,,,False
521285700,Afternoon Run,Run,2016-03-19T18:13:02Z,5.44,1:09:56,1:09:56,397.97,12:50,770.0,7:03,423.0,,,,,,False,,,,,,,False
519799719,Evening Run,Run,2016-03-17T23:04:54Z,3.67,0:31:25,0:31:25,89.57,8:34,514.0,4:32,272.0,,,,,,False,,,,,,,False
514953240,Morning Run,Run,2016-03-12T14:38:30Z,5.47,1:03:44,1:03:44,400.59,11:39,699.0,4:19,259.0,,,,,,False,,,,,,,False
513691148,Evening Run,Run,2016-03-10T23:58:31Z,3.48,0:29:00,0:29:00,87.93,8:19,499.0,4:37,277.0,,,,,,False,,,,,,,False
512139553,Evening Run,Run,2016-03-09T00:02:59Z,3.51,0:28:58,0:28:58,88.58,8:14,494.0,4:19,259.0,,,,,,False,,,,,,,False
512119286,Morning Run,Run,2016-03-05T15:13:45Z,5.86,1:14:50,1:14:50,406.17,12:45,765.0,4:07,247.0,,,,,,False,,,,,,,False
508049700,Evening Run,Run,2016-03-03T23:36:55Z,4.85,0:42:19,0:42:19,0.0,8:43,523.0,2:49,169.0,,,,,,False,,,,,,,False
584982581,Morning Run,Run,2016-02-24T10:54:28Z,3.37,0:30:44,0:30:44,0.0,9:06,546.0,6:14,374.0,,,,,,False,,,,,,,False
498179255,Morning Run,Run,2016-01-26T13:25:18Z,1.85,0:17:16,0:17:16,0.0,9:21,561.0,7:14,434.0,,,,,,False,,,,,,,False
498179171,Evening Run,Run,2016-01-14T23:01:45Z,3.1,0:29:25,0:29:25,0.0,9:29,569.0,5:42,342.0,,,,,,False,,,,,,,False
466622538,Lunch Run,Run,2016-01-09T16:25:45Z,5.48,0:55:41,0:55:41,0.0,10:09,609.0,7:27,447.0,,,,,,False,,,,,,,False
457516531,Afternoon Run,Run,2015-12-27T18:17:56Z,5.39,0:54:59,0:54:59,382.55,10:12,612.0,6:05,365.0,,,,,,False,,,,,,,False
454218264,Evening Run,Run,2015-12-21T23:48:27Z,3.7,0:35:52,0:35:52,0.0,9:41,581.0,4:58,298.0,,,,,,False,,,,,,,False
452344959,Afternoon Run,Run,2015-12-18T20:15:38Z,5.45,0:56:20,0:56:20,380.91,10:20,620.0,7:39,459.0,,,,,,False,,,,,,,False
449028122,Afternoon Run,Run,2015-12-12T19:54:40Z,4.5,0:41:26,0:41:26,0.0,9:12,552.0,7:14,434.0,,,,,,False,,,,,,,False
445681586,Afternoon Run,Run,2015-12-06T20:52:47Z,2.76,0:23:01,0:23:01,90.55,8:20,500.0,5:42,342.0,,,,,,False,,,,,,,False
443784543,Afternoon Run,Run,2015-12-03T18:37:30Z,5.39,0:55:46,0:55:46,377.62,10:20,620.0,6:32,392.0,,,,,,False,,,,,,,False
441425670,Afternoon Run,Run,2015-11-28T18:16:29Z,1.9,0:33:21,0:33:21,0.0,17:31,1051.0,8:56,536.0,,,,,,False,,,,,,,False
439645070,Morning Run,Run,2015-11-26T12:53:43Z,3.4,0:29:43,0:29:43,89.9,8:43,523.0,6:05,365.0,,,,,,False,,,,,,,False
438741750,Fells run - what's the point of a gps watch if the gps doesn't work?!,Run,2015-11-24T19:41:49Z,5.74,0:56:03,0:56:03,0.0,9:45,585.0,8:22,502.0,,,,,,False,,,,,,,False
438742077,Afternoon Run,Run,2015-11-20T22:16:08Z,0.0,0:00:01,0:00:01,0.0,8:56,536.0,,,,,,,,False,,,,,,,False
436243256,Afternoon Run,Run,2015-11-20T21:25:35Z,2.85,0:26:11,0:26:11,0.0,9:12,552.0,5:42,342.0,,,,,,False,,,,,,,False
434071359,Afternoon Run,Run,2015-11-16T20:53:11Z,4.83,0:50:04,0:50:04,361.88,10:21,621.0,6:42,402.0,,,,,,False,,,,,,,False
434071683,Afternoon Run,Run,2015-11-14T20:46:30Z,3.4,0:32:22,0:32:22,0.0,9:31,571.0,6:52,412.0,,,,,,False,,,,,,,False
430265839,Afternoon Run,Run,2015-11-10T18:36:21Z,5.13,0:51:53,0:51:53,379.92,10:07,607.0,7:27,447.0,,,,,,False,,,,,,,False
430265566,Afternoon Run,Run,2015-11-08T21:49:35Z,1.37,0:17:00,0:17:00,0.0,12:22,742.0,6:05,365.0,,,,,,False,,,,,,,False
427746259,Afternoon Run,Run,2015-11-06T22:24:40Z,3.45,0:29:22,0:29:22,91.21,8:31,511.0,6:23,383.0,,,,,,False,,,,,,,False
425330745,Afternoon Run,Run,2015-11-02T20:45:17Z,2.75,0:32:07,0:32:07,71.19,11:40,700.0,3:11,191.0,,,,,,False,,,,,,,False
423853208,Lunch Run,Run,2015-10-31T16:45:44Z,5.44,1:02:05,1:02:05,392.72,11:25,685.0,5:03,303.0,,,,,,False,,,,,,,False
421567130,Afternoon Run,Run,2015-10-27T20:22:32Z,4.93,0:49:24,0:49:24,380.25,10:01,601.0,6:52,412.0,,,,,,False,,,,,,,False
418317176,Evening Run,Run,2015-10-22T22:03:30Z,3.06,0:28:42,0:28:42,0.0,9:23,563.0,7:27,447.0,,,,,,False,,,,,,,False
416899561,Lunch Run,Run,2015-10-20T16:21:22Z,5.43,0:57:49,0:57:49,360.56,10:38,638.0,6:42,402.0,,,,,,False,,,,,,,False
416899345,Afternoon Run,Run,2015-10-17T18:01:48Z,5.5,0:51:45,0:51:45,0.0,9:24,564.0,7:53,473.0,,,,,,False,,,,,,,False
416898949,Afternoon Run,Run,2015-10-14T20:45:01Z,2.38,0:22:14,0:22:14,0.0,9:21,561.0,7:14,434.0,,,,,,False,,,,,,,False
410897522,Morning Run,Run,2015-10-11T12:00:38Z,13.1,1:59:20,1:59:20,491.14,9:06,546.0,6:14,374.0,,,,,,True,Half,,,,,,False
410897176,Evening Run,Run,2015-10-06T22:46:15Z,3.14,0:30:24,0:30:24,0.0,9:40,580.0,7:14,434.0,,,,,,False,,,,,,,False
410897162,Morning Run,Run,2015-10-04T12:34:09Z,6.26,1:00:58,1:00:58,0.0,9:44,584.0,6:14,374.0,,,,,,False,,,,,,,False
399939529,Morning Run,Run,2015-09-25T13:53:09Z,6.87,1:17:56,1:17:56,1059.38,11:20,680.0,6:42,402.0,,,,,,False,,,,,,,False
396765243,Fall Classic 5k,Run,2015-09-20T13:30:00Z,3.11,0:24:52,0:24:52,0.0,8:00,480.0,,,,,,,,True,5k,,,,,,False
395328100,Summit hill,Run,2015-09-18T10:39:33Z,4.08,0:43:24,0:43:24,814.96,10:37,637.0,6:52,412.0,,,,,,False,,,,,,,False
384607622,Morning Run,Run,2015-09-04T10:39:33Z,3.85,0:36:28,0:36:28,121.06,9:28,568.0,7:53,473.0,,,,,,False,,,,,,,False
382393495,Morning Run,Run,2015-09-01T10:50:00Z,3.22,0:27:54,0:27:54,0.0,8:39,519.0,,,,,,,,False,,,,,,,False
384607496,Afternoon Run,Run,2015-08-30T21:31:43Z,2.15,0:21:20,0:21:20,0.0,9:55,595.0,8:56,536.0,,,,,,False,,,,,,,False
384607470,Morning Run,Run,2015-08-25T11:16:44Z,1.93,0:17:35,0:17:35,0.0,9:06,546.0,7:27,447.0,,,,,,False,,,,,,,False
358832858,Morning Run,Run,2015-08-01T13:30:00Z,6.1,0:56:17,0:56:17,0.0,9:13,553.0,,,,,,,,False,,,,,,,False
356520908,Morning Run,Run,2015-07-28T11:26:00Z,4.9,0:43:13,0:43:13,0.0,8:49,529.0,,,,,,,,False,,,,,,,False
353790775,"07/25/2015 Cambridge, Massachusetts",Run,2015-07-25T13:50:25Z,6.09,0:58:10,0:58:10,0.0,9:32,572.0,7:27,447.0,,,,,,False,,,,,,,False
346513359,"07/15/2015 Boston, Massachusetts",Run,2015-07-15T10:41:11Z,0.68,0:03:37,0:03:37,0.0,5:19,319.0,17:52,1072.0,,,,,,False,,,,,,,False
342961558,"07/10/2015 Brookline, Massachusetts",Run,2015-07-10T10:37:14Z,3.6,0:36:46,0:36:46,183.07,10:13,613.0,8:56,536.0,,,,,,False,,,,,,,False
333915313,"06/27/2015 Northfield, Massachusetts",Run,2015-06-27T08:53:39Z,6.19,1:16:34,1:16:34,1236.88,12:21,741.0,6:32,392.0,,,,,,False,,,,,,,False
333915183,"06/26/2015 Northfield, Massachusetts",Run,2015-06-27T01:19:12Z,3.49,0:32:54,0:32:54,498.36,9:26,566.0,4:07,247.0,,,,,,False,,,,,,,False
333568760,"06/26/2015 Northfield, Massachusetts",Run,2015-06-26T16:41:33Z,5.28,0:56:44,0:56:44,745.73,10:45,645.0,5:15,315.0,,,,,,False,,,,,,,False
330387535,"06/21/2015 Cambridge, Massachusetts",Run,2015-06-21T23:10:22Z,6.0,0:53:19,0:53:19,0.0,8:52,532.0,6:05,365.0,,,,,,False,,,,,,,False
330387436,"06/19/2015 Brookline, Massachusetts",Run,2015-06-19T10:34:07Z,2.8,0:29:36,0:29:36,548.56,10:34,634.0,7:53,473.0,,,,,,False,,,,,,,False
325231224,"06/14/2015 Plymouth, Massachusetts",Run,2015-06-14T11:34:19Z,13.17,1:53:28,1:53:28,497.05,8:37,517.0,6:05,365.0,,,,,,True,Half,,,,,,False
323803737,Morning Run,Run,2015-06-12T09:08:43Z,3.5,0:27:46,0:27:46,0.0,7:55,475.0,,,,,,,,False,,,,,,,False
322519871,Morning Run,Run,2015-06-10T10:30:00Z,3.5,0:29:20,0:29:20,0.0,8:22,502.0,,,,,,,,False,,,,,,,False
319530457,"06/06/2015 Stoneham, Massachusetts",Run,2015-06-06T12:06:46Z,5.5,1:07:13,1:07:13,399.93,12:13,733.0,7:27,447.0,,,,,,False,,,,,,,False
317030814,"06/02/2015 Cambridge, Massachusetts",Run,2015-06-02T20:32:41Z,11.29,1:36:01,1:36:01,35.76,8:30,510.0,4:42,282.0,,,,,,False,,,,,,,False
314135291,"05/29/2015 Brookline, Massachusetts",Run,2015-05-29T13:18:58Z,2.53,0:24:32,0:24:32,554.46,9:42,582.0,7:27,447.0,,,,,,False,,,,,,,False
312542558,Spring Classic 5k 2015,Run,2015-05-26T23:36:57Z,3.25,0:26:01,0:26:01,78.74,8:00,480.0,5:57,357.0,,,,,,True,5k,,,,,,False
310840664,"05/24/2015 Stoneham, Massachusetts",Run,2015-05-24T13:03:53Z,7.15,1:47:49,1:47:49,925.52,15:05,905.0,8:39,519.0,,,,,,False,,,,,,,False
309364492,"05/22/2015 Brookline, Massachusetts",Run,2015-05-22T10:37:14Z,2.78,0:28:07,0:28:07,549.87,10:07,607.0,7:27,447.0,,,,,,False,,,,,,,False
307907439,Evening Run,Run,2015-05-19T22:20:00Z,3.7,0:30:46,0:30:46,0.0,8:18,498.0,,,,,,,,False,,,,,,,False
306723367,"05/17/2015 Boston, Massachusetts",Run,2015-05-17T20:43:54Z,10.23,1:31:36,1:31:36,397.64,8:56,536.0,6:52,412.0,,,,,,False,,,,,,,False
306720527,"05/15/2015 Brookline, Massachusetts",Run,2015-05-15T10:33:48Z,4.26,0:50:46,0:50:46,1010.17,11:55,715.0,7:27,447.0,,,,,,False,,,,,,,False
301061240,"05/09/2015 Stoneham, Massachusetts",Run,2015-05-09T12:25:04Z,7.16,1:41:00,1:41:00,885.5,14:06,846.0,8:39,519.0,,,,,,False,,,,,,,False
300375609,"05/08/2015 Brookline, Massachusetts",Run,2015-05-08T10:34:32Z,3.75,0:38:06,0:38:06,735.56,10:09,609.0,7:27,447.0,,,,,,False,,,,,,,False
298570253,"05/05/2015 Cambridge, Massachusetts",Run,2015-05-05T12:18:29Z,3.22,0:31:20,0:31:20,0.0,9:43,583.0,7:14,434.0,,,,,,False,,,,,,,False
297551410,"05/03/2015 Stoneham, Massachusetts",Run,2015-05-03T18:01:49Z,4.58,1:03:00,1:03:00,458.66,13:45,825.0,6:42,402.0,,,,,,False,,,,,,,False
293217113,"04/26/2015 Cambridge, Massachusetts",Run,2015-04-26T13:20:31Z,3.09,0:26:51,0:26:51,0.0,8:41,521.0,5:28,328.0,,,,,,False,,,,,,,False
292445646,"04/25/2015 Stoneham, Massachusetts",Run,2015-04-25T18:46:33Z,5.52,0:56:33,0:56:33,367.45,10:15,615.0,7:14,434.0,,,,,,False,,,,,,,False
292564499,"04/21/2015 Boston, Massachusetts",Run,2015-04-21T19:59:14Z,2.0,0:16:16,0:16:16,0.0,8:08,488.0,5:21,321.0,,,,,,False,,,,,,,False
19537689198,Morning Run,Run,2015-02-28T15:29:16Z,5.59,00:50:04,00:56:40,88.91,08:57,537.0,06:11,371.0,,,,,,False,,,,,,,False
19537689193,Afternoon Run,Run,2015-02-21T19:03:53Z,6.77,01:05:16,01:16:28,85.96,09:38,578.0,05:26,326.0,,,,,,False,,,,,,,False
19537684742,Afternoon Run,Run,2015-01-18T18:47:44Z,1.25,00:10:15,00:10:15,0.0,08:12,492.0,06:32,392.0,,,,,,False,,,,,,,False
19537684748,Morning Run,Run,2015-01-12T12:46:34Z,2.55,00:20:12,00:20:57,110.24,07:54,474.0,02:43,163.0,,,,,,False,,,,,,,False
19537684755,Morning Run,Run,2015-01-02T14:55:06Z,7.0,01:04:14,01:09:52,94.16,09:10,550.0,05:12,312.0,,,,,,False,,,,,,,False
19537684743,Afternoon Run,Run,2014-12-31T20:59:20Z,2.29,00:18:10,00:22:48,103.35,07:56,476.0,04:26,266.0,,,,,,False,,,,,,,False
19537684712,Afternoon Run,Run,2014-12-27T19:08:53Z,5.53,00:58:54,01:11:08,716.54,10:39,639.0,05:57,357.0,,,,,,False,,,,,,,False
19537684715,Afternoon Run,Run,2014-12-26T20:17:23Z,3.66,00:30:52,00:32:41,137.8,08:25,505.0,06:04,364.0,,,,,,False,,,,,,,False
19537684717,Morning Run,Run,2014-12-20T13:48:48Z,7.06,01:01:45,01:09:28,67.91,08:44,524.0,04:46,286.0,,,,,,False,,,,,,,False
19537684706,Morning Run,Run,2014-12-16T12:41:06Z,3.12,00:26:00,00:29:08,83.99,08:19,499.0,06:24,384.0,,,,,,False,,,,,,,False
19537684713,Afternoon Run,Run,2014-12-13T21:16:26Z,2.23,00:18:29,00:19:13,32.81,08:18,498.0,06:14,374.0,,,,,,False,,,,,,,False
19537684704,Morning Run,Run,2014-12-10T13:15:10Z,0.98,00:07:59,00:09:40,26.9,08:11,491.0,04:57,297.0,,,,,,False,,,,,,,False
19537684714,Winter Classic 5k,Run,2014-12-07T14:32:44Z,3.07,00:22:40,00:22:40,34.78,07:23,443.0,05:57,357.0,,,,,,True,5k,,,,,,False
19537684709,Afternoon Run,Run,2014-11-30T22:31:00Z,1.44,00:12:10,00:12:18,34.78,08:25,505.0,06:58,418.0,,,,,,False,,,,,,,False
19537684703,Afternoon Run,Run,2014-11-28T21:16:21Z,1.38,00:10:26,00:12:53,35.76,07:33,453.0,06:29,389.0,,,,,,False,,,,,,,False
19537684700,Morning Run,Run,2014-11-25T11:21:39Z,4.44,00:37:43,00:41:17,27.89,08:29,509.0,06:09,369.0,,,,,,False,,,,,,,False
19537684668,Morning Run,Run,2014-11-07T11:24:36Z,0.37,00:03:30,00:03:30,0.0,09:34,574.0,06:55,415.0,,,,,,False,,,,,,,False
19537684677,Morning Run,Run,2014-10-29T12:07:45Z,2.32,00:20:33,00:22:31,22.64,08:52,532.0,02:38,158.0,,,,,,False,,,,,,,False
19537684705,Morning Run,Run,2014-10-21T12:24:20Z,4.01,00:28:45,00:50:56,125.66,07:10,430.0,04:57,297.0,,,,,,False,,,,,,,False
19537684689,Newport Half,Run,2014-10-12T12:06:23Z,13.26,01:55:17,01:55:17,389.44,08:41,521.0,07:14,434.0,,,,,,True,Half,,,,,,False
19537684678,Morning Run,Run,2014-10-08T12:13:38Z,3.28,00:26:56,00:29:50,105.97,08:12,492.0,02:24,144.0,,,,,,False,,,,,,,False
19537684681,Evening Run,Run,2014-10-05T22:12:09Z,7.17,01:04:43,01:06:51,75.79,09:01,541.0,04:06,246.0,,,,,,False,,,,,,,False
19537684672,Morning Run,Run,2014-09-29T10:34:43Z,1.04,00:07:06,00:47:24,12.14,06:50,410.0,07:08,428.0,,,,,,False,,,,,,,False
19537684682,Morning Run,Run,2014-09-27T13:23:59Z,10.16,01:31:24,01:40:25,143.04,08:59,539.0,05:41,341.0,,,,,,False,,,,,,,False
19537691299,Morning Run,Run,2014-08-03T13:04:36Z,5.86,00:55:19,01:05:14,69.88,09:26,566.0,04:02,242.0,,,,,,False,,,,,,,False
19537691286,Evening Run,Run,2014-07-22T00:19:13Z,3.02,00:26:21,00:27:09,130.58,08:43,523.0,04:18,258.0,,,,,,False,,,,,,,False
19537691292,Evening Run,Run,2014-07-05T22:09:44Z,1.48,00:13:29,00:20:12,105.97,09:05,545.0,04:32,272.0,,,,,,False,,,,,,,False
19537689358,Seattle Rock & Roll Marathon,Run,2014-06-21T14:22:59Z,26.03,04:06:28,04:16:58,889.76,09:28,568.0,04:09,249.0,,,,,,True,Marathon,,,,,,False
19537689298,Runner's World Half,Run,2014-06-07T11:30:06Z,13.27,01:56:33,01:57:29,633.53,08:46,526.0,05:56,356.0,,,,,,True,Half,,,,,,False
19537689289,Morning Run,Run,2014-06-03T12:56:51Z,6.02,00:54:55,01:35:05,507.87,09:07,547.0,06:52,412.0,,,,,,False,,,,,,,False
19537689313,Morning Run,Run,2014-05-31T12:48:57Z,10.48,01:36:37,01:46:14,113.85,09:13,553.0,04:58,298.0,,,,,,False,,,,,,,False
19537689314,Morning Run,Run,2014-05-25T13:47:39Z,15.0,02:19:32,02:29:14,201.12,09:18,558.0,05:09,309.0,,,,,,False,,,,,,,False
19537689220,Afternoon Run,Run,2014-05-10T18:55:52Z,3.69,00:28:22,00:36:08,229.0,07:41,461.0,06:00,360.0,,,,,,False,,,,,,,False
19537689274,Morning Run,Run,2014-05-10T12:02:48Z,3.66,00:29:39,00:30:22,96.46,08:05,485.0,06:41,401.0,,,,,,False,,,,,,,False
19537689305,Evening Run,Run,2014-05-10T00:58:43Z,10.18,01:38:04,01:42:40,474.41,09:38,578.0,06:10,370.0,,,,,,False,,,,,,,False
19537689299,Evening Run,Run,2014-04-28T22:37:55Z,5.42,00:49:25,266:20:37,192.59,09:07,547.0,04:33,273.0,,,,,,False,,,,,,,False
19537689229,Spring Classic 5k 2014,Run,2014-04-27T13:39:43Z,3.19,00:23:40,00:23:40,35.43,07:25,445.0,04:59,299.0,,,,,,True,5k,,,,,,False
19537689270,Morning Run,Run,2014-04-25T14:02:11Z,17.31,02:34:54,02:39:25,759.84,08:56,536.0,02:09,129.0,,,,,,False,,,,,,,False
19537689226,Evening Run,Run,2014-04-22T22:35:03Z,4.73,00:42:44,00:44:52,115.16,09:01,541.0,05:27,327.0,,,,,,False,,,,,,,False
19537689236,Morning Run,Run,2014-04-20T12:49:46Z,9.73,01:29:49,02:04:04,418.96,09:13,553.0,05:28,328.0,,,,,,False,,,,,,,False
19537689228,Morning Run,Run,2014-04-16T11:25:21Z,5.0,00:43:16,00:44:38,141.73,08:39,519.0,05:44,344.0,,,,,,False,,,,,,,False
19537689222,Evening Run,Run,2014-04-14T22:35:11Z,4.16,00:36:22,00:39:45,86.94,08:44,524.0,05:30,330.0,,,,,,False,,,,,,,False
19537689210,Afternoon Run,Run,2014-04-13T20:13:45Z,17.15,02:31:55,02:53:26,112.53,08:51,531.0,05:54,354.0,,,,,,False,,,,,,,False
19537689176,Morning Run,Run,2014-04-10T10:51:00Z,6.0,00:51:26,00:52:53,137.14,08:34,514.0,04:49,289.0,,,,,,False,,,,,,,False
19537689223,Evening Run,Run,2014-04-08T23:14:18Z,5.0,00:40:03,00:45:35,145.01,08:00,480.0,03:37,217.0,,,,,,False,,,,,,,False
19537689221,Evening Run,Run,2014-04-07T22:46:19Z,2.71,00:26:28,00:27:05,84.97,09:46,586.0,06:40,400.0,,,,,,False,,,,,,,False
19537689264,Morning Run,Run,2014-04-05T13:54:07Z,14.0,02:07:26,02:19:01,202.1,09:06,546.0,05:49,349.0,,,,,,False,,,,,,,False
19537689237,Evening Run,Run,2014-04-02T22:25:32Z,5.0,00:42:12,00:43:47,140.42,08:25,505.0,05:18,318.0,,,,,,False,,,,,,,False
19537689224,Evening Run,Run,2014-03-31T22:39:19Z,3.11,00:30:10,00:33:55,101.05,09:42,582.0,05:54,354.0,,,,,,False,,,,,,,False
19529721403,Morning Run,Run,2014-03-30T13:03:52Z,16.0,02:29:39,02:39:45,630.25,09:21,561.0,04:58,298.0,,,,,,False,,,,,,,False
19529721164,Evening Run,Run,2014-03-24T22:45:45Z,2.83,00:27:19,00:31:55,95.14,09:38,578.0,05:52,352.0,,,,,,False,,,,,,,False
19529721216,Morning Run,Run,2014-03-23T13:51:18Z,12.01,01:49:41,02:00:11,126.97,09:07,547.0,05:47,347.0,,,,,,False,,,,,,,False
19529721213,Morning Run,Run,2014-03-19T12:22:52Z,5.07,00:44:14,00:48:09,149.28,08:43,523.0,06:28,388.0,,,,,,False,,,,,,,False
19537689172,Evening Run,Run,2014-03-17T22:20:33Z,4.02,00:33:55,00:41:50,108.6,08:26,506.0,06:39,399.0,155.8,183.0,20.4,8.6,33.3,False,,,,,,,False
19529721229,Morning Run,Run,2014-03-15T14:03:18Z,11.49,01:38:14,02:16:14,109.25,08:32,512.0,05:02,302.0,161.1,171.0,2.9,4.0,132.2,False,,,,,,,False
19529721193,Evening Run,Run,2014-03-11T22:59:34Z,5.0,00:41:02,00:44:13,150.92,08:12,492.0,04:03,243.0,160.3,175.0,2.8,1.2,43.0,False,,,,,,,False
19529721101,Morning Run,Run,2014-03-08T14:50:52Z,13.0,01:55:23,02:07:23,79.07,08:52,532.0,05:08,308.0,160.1,169.0,2.3,2.9,124.5,False,,,,,,,False
19529721029,Evening Run,Run,2014-03-04T23:54:59Z,4.22,00:35:17,00:37:26,184.38,08:21,501.0,06:23,383.0,158.4,180.0,6.5,2.4,35.0,False,,,,,,,False
19529721206,Morning Run,Run,2014-03-02T15:34:26Z,10.0,01:32:14,01:37:34,77.1,09:13,553.0,06:39,399.0,162.2,175.0,2.7,2.6,95.0,False,,,,,,,False
19529721033,Afternoon Run,Run,2014-02-27T22:30:53Z,4.6,00:39:12,00:43:04,178.15,08:31,511.0,04:51,291.0,159.4,176.0,5.7,2.4,40.6,False,,,,,,,False
19529721046,Evening Run,Run,2014-02-25T23:19:31Z,3.0,00:25:08,00:25:54,42.32,08:22,502.0,06:00,360.0,159.0,176.0,5.1,1.3,24.6,False,,,,,,,False
19529721039,Hyannis Half Marathon,Run,2014-02-23T15:10:58Z,13.34,01:57:05,01:57:38,281.5,08:46,526.0,06:25,385.0,,,,,,True,Half,,,,,,False
19529721064,Morning Run,Run,2014-02-13T12:09:41Z,3.7,00:31:52,00:35:04,89.24,08:36,516.0,05:23,323.0,162.3,178.0,3.8,1.4,33.7,False,,,,,,,False
19529721028,Afternoon Run,Run,2014-02-09T20:11:29Z,2.0,00:17:36,00:19:10,21.0,08:48,528.0,04:29,269.0,151.1,165.0,6.2,1.2,18.0,False,,,,,,,False
19529721070,Afternoon Run,Run,2014-02-08T20:39:16Z,10.0,01:28:37,01:46:50,58.4,08:51,531.0,03:07,187.0,167.7,177.0,12.5,13.4,93.5,False,,,,,,,False
19529721042,Super Sunday,Run,2014-02-02T15:06:08Z,5.02,00:39:45,00:39:45,62.66,07:55,475.0,06:08,368.0,,,,,,True,5M,,,,,,False
19529721023,Afternoon Run,Run,2014-01-26T19:36:23Z,3.27,00:28:17,00:46:24,48.56,08:39,519.0,06:14,374.0,162.3,173.0,34.3,15.9,30.5,False,,,,,,,False
19529720930,Morning Run,Run,2014-01-19T15:24:11Z,10.0,01:27:52,01:33:26,54.13,08:47,527.0,06:32,392.0,164.1,172.0,1.4,1.3,92.1,False,,,,,,,False
19529720919,Afternoon Run,Run,2014-01-15T22:11:03Z,4.0,00:34:02,00:36:35,7.87,08:30,510.0,06:45,405.0,163.6,173.0,2.3,0.8,35.7,False,,,,,,,False
19529720924,Morning Run,Run,2014-01-14T12:52:23Z,3.0,00:27:46,00:29:52,52.17,09:15,555.0,07:03,423.0,152.8,166.0,7.9,2.4,27.5,False,,,,,,,False
19529720922,Morning Run,Run,2014-01-12T15:59:04Z,8.0,01:11:20,01:15:45,82.02,08:55,535.0,05:51,351.0,168.2,179.0,1.9,1.4,74.3,False,,,,,,,False
19529720920,Afternoon Run,Run,2014-01-10T22:13:20Z,4.82,00:43:55,00:46:35,62.66,09:06,546.0,06:30,390.0,159.3,172.0,5.9,2.8,43.8,False,,,,,,,False
19529712369,Afternoon Run,Run,2013-11-26T00:35:47Z,5.03,00:45:45,00:47:38,208.66,09:05,545.0,05:24,324.0,154.2,181.0,9.2,4.4,43.2,False,,,,,,,False
19529720909,Evening Run,Run,2013-11-23T02:09:22Z,3.04,00:28:10,00:33:29,292.65,09:16,556.0,06:04,364.0,,,,,,False,,,,,,,False
19529720914,Evening Run,Run,2013-11-21T02:25:50Z,2.97,00:25:48,00:28:22,175.85,08:40,520.0,05:40,340.0,151.1,175.0,25.0,7.1,21.3,False,,,,,,,False
19529712333,Afternoon Run,Run,2013-11-18T01:27:31Z,5.13,00:45:17,01:12:48,180.77,08:49,529.0,06:44,404.0,154.6,177.0,42.9,31.2,41.6,False,,,,,,,False
19529712259,Afternoon Run,Run,2013-11-15T01:47:23Z,0.98,00:08:41,00:45:53,85.96,08:51,531.0,06:54,414.0,138.5,171.0,89.6,41.1,4.8,False,,,,,,,False
19529712321,Afternoon Run,Run,2013-11-12T01:32:40Z,4.95,00:44:43,00:46:12,176.18,09:02,542.0,04:40,280.0,150.6,180.0,18.9,8.7,37.5,False,,,,,,,False
19529712298,Morning Run,Run,2013-11-10T18:30:03Z,2.72,00:24:02,00:35:11,207.35,08:50,530.0,06:52,412.0,157.8,175.0,24.2,8.5,26.7,False,,,,,,,False
19529712307,Evening Run,Run,2013-11-06T02:32:59Z,3.36,00:30:09,00:32:41,175.85,08:57,537.0,07:20,440.0,151.6,177.0,21.9,7.2,25.5,False,,,,,,,False
19529712013,Afternoon Run,Run,2013-11-04T00:03:05Z,6.02,00:54:40,00:57:41,217.19,09:04,544.0,06:09,369.0,159.1,179.0,7.3,4.2,53.4,False,,,,,,,False
19529712146,Afternoon Run,Run,2013-11-02T23:37:27Z,3.24,00:25:54,00:42:58,198.16,07:59,479.0,05:54,354.0,158.5,183.0,5.7,2.5,40.5,False,,,,,,,False
19529712095,Afternoon Run,Run,2013-10-31T00:58:17Z,2.32,00:21:05,00:24:26,198.16,09:04,544.0,06:56,416.0,151.0,172.0,21.6,5.3,19.2,False,,,,,,,False
19529712110,Afternoon Run,Run,2013-10-27T00:28:37Z,3.37,00:29:49,00:33:30,331.36,08:51,531.0,05:48,348.0,158.7,183.0,5.6,1.9,31.6,False,,,,,,,False
19529712113,Afternoon Run,Run,2013-10-23T00:51:28Z,5.41,00:47:52,00:59:22,258.86,08:51,531.0,05:56,356.0,157.4,176.0,25.4,15.1,44.3,False,,,,,,,False
19529712101,Lunch Run,Run,2013-10-19T19:57:04Z,3.34,00:28:37,00:38:17,219.16,08:33,513.0,05:21,321.0,162.4,180.0,3.5,1.4,36.9,False,,,,,,,False
19529712079,Evening Run,Run,2013-10-16T01:32:11Z,1.42,00:13:46,00:13:46,9.19,09:43,583.0,08:07,487.0,140.1,152.0,43.0,5.9,7.8,False,,,,,,,False
19529712118,Evening Run,Run,2013-10-15T01:16:43Z,4.78,00:42:56,00:44:22,217.85,08:58,538.0,06:32,392.0,155.1,178.0,10.1,4.5,39.9,False,,,,,,,False
19529712088,Evening Run,Run,2013-10-10T01:29:20Z,2.59,00:24:38,00:26:45,209.97,09:30,570.0,06:57,417.0,145.8,174.0,30.0,8.0,18.7,False,,,,,,,False
19529712123,Evening Run,Run,2013-10-08T01:31:50Z,5.34,00:46:27,00:54:10,280.18,08:41,521.0,06:28,388.0,158.7,201.0,7.5,4.0,50.1,False,,,,,,,False
19529712072,Evening Run,Run,2013-10-04T01:45:08Z,1.55,00:12:40,00:23:23,249.02,08:10,490.0,05:39,339.0,160.4,182.0,6.4,1.5,21.9,False,,,,,,,False
19529712073,Evening Run,Run,2013-10-04T01:31:18Z,1.0,00:09:11,00:10:29,42.98,09:10,550.0,06:05,365.0,142.1,163.0,28.0,2.9,7.6,False,,,,,,,False
19529712131,Evening Run,Run,2013-10-02T02:25:11Z,1.1,00:09:58,00:11:05,0.0,09:04,544.0,07:39,459.0,162.5,172.0,5.3,0.6,10.5,False,,,,,,,False
19529712106,Evening Run,Run,2013-10-02T01:55:07Z,2.03,00:16:00,00:16:00,0.0,07:52,472.0,05:38,338.0,173.5,182.0,1.6,0.2,15.8,False,,,,,,,False
19529712285,Afternoon Run,Run,2013-09-29T21:12:00Z,5.52,00:52:19,00:53:30,477.69,09:28,568.0,04:02,242.0,166.5,181.0,0.6,0.3,53.2,False,,,,,,,False
19529712000,Morning Run,Run,2013-09-27T17:03:14Z,4.61,00:42:19,00:48:58,228.67,09:10,550.0,04:26,266.0,171.5,186.0,1.0,0.5,48.5,False,,,,,,,False
19529711981,Afternoon Run,Run,2013-09-26T00:52:22Z,2.63,00:23:56,00:26:01,224.74,09:05,545.0,04:01,241.0,,,,,,False,,,,,,,False
19529711989,Evening Run,Run,2013-09-20T02:07:28Z,3.02,00:26:48,00:30:30,231.96,08:51,531.0,06:55,415.0,,,,,,False,,,,,,,False
19529711995,Afternoon Run,Run,2013-09-18T23:00:46Z,5.02,00:44:32,00:49:28,171.59,08:52,532.0,03:17,197.0,,,,,,False,,,,,,,False
19529693845,Evening Run,Run,2013-09-17T01:10:58Z,3.01,00:28:13,00:30:10,216.54,09:22,562.0,06:24,384.0,,,,,,False,,,,,,,False
19529693846,Evening Run,Run,2013-08-29T01:32:56Z,1.77,00:15:47,00:19:06,143.7,08:53,533.0,04:04,244.0,,,,,,False,,,,,,,False
19529693916,Morning Run,Run,2013-08-15T17:34:59Z,4.86,00:45:54,00:47:46,226.71,09:26,566.0,07:16,436.0,,,,,,False,,,,,,,False
19529693719,Afternoon Run,Run,2013-08-12T23:57:10Z,4.94,00:48:28,00:59:44,462.27,09:48,588.0,05:23,323.0,,,,,,False,,,,,,,False
19529693716,Evening Run,Run,2013-08-12T02:24:33Z,3.5,00:31:09,00:35:35,321.19,08:53,533.0,06:01,361.0,,,,,,False,,,,,,,False
19529693701,Evening Run,Run,2013-07-29T01:17:16Z,1.52,00:14:05,00:32:59,116.14,09:17,557.0,06:04,364.0,,,,,,False,,,,,,,False
19529693734,Afternoon Run,Run,2013-07-28T00:28:39Z,4.26,00:37:07,00:47:42,227.36,08:42,522.0,06:55,415.0,,,,,,False,,,,,,,False
19529693729,Evening Run,Run,2013-07-25T02:50:29Z,3.14,00:26:23,00:30:45,50.85,08:23,503.0,03:55,235.0,,,,,,False,,,,,,,False
19529693722,Night Run,Run,2013-07-24T04:04:34Z,3.03,00:28:45,00:29:03,226.05,09:29,569.0,06:54,414.0,,,,,,False,,,,,,,False
19529693688,Morning Run,Run,2013-07-15T07:11:03Z,2.73,00:25:56,00:25:56,7.55,09:29,569.0,07:12,432.0,,,,,,False,,,,,,,False
19529693693,Morning Run,Run,2013-07-10T05:16:44Z,3.0,00:25:45,00:29:04,61.02,08:35,515.0,04:03,243.0,,,,,,False,,,,,,,False
19529693720,Morning Run,Run,2013-07-09T05:05:35Z,3.0,00:26:14,00:26:14,71.52,08:45,525.0,07:29,449.0,,,,,,False,,,,,,,False
19529693724,Afternoon Run,Run,2013-06-08T22:52:40Z,3.09,00:27:26,00:29:07,217.19,08:52,532.0,06:27,387.0,,,,,,False,,,,,,,False
19529693597,Afternoon Run,Run,2013-06-06T00:50:03Z,2.49,00:22:14,00:49:30,297.24,08:56,536.0,05:25,325.0,,,,,,False,,,,,,,False
19529693696,Evening Run,Run,2013-06-04T01:44:08Z,3.16,00:29:18,00:30:16,149.61,09:16,556.0,05:46,346.0,,,,,,False,,,,,,,False
19529693786,Afternoon Run,Run,2013-05-19T23:11:09Z,11.0,01:41:49,01:57:55,144.69,09:15,555.0,05:53,353.0,,,,,,False,,,,,,,False
19529693629,Evening Run,Run,2013-05-12T01:11:49Z,9.0,01:24:20,01:28:25,135.5,09:22,562.0,05:55,355.0,,,,,,False,,,,,,,False
19529693590,Morning Run,Run,2013-05-07T15:12:17Z,2.96,00:27:25,00:29:23,216.86,09:16,556.0,06:50,410.0,159.7,177.0,8.9,2.6,26.8,False,,,,,,,False
19529693605,Afternoon Run,Run,2013-05-04T22:46:55Z,7.01,01:08:54,01:12:39,125.33,09:49,589.0,06:59,419.0,166.9,175.0,1.7,1.2,71.4,False,,,,,,,False
19529693591,Morning Run,Run,2013-05-03T14:42:24Z,3.14,00:30:00,00:52:10,313.65,09:33,573.0,06:15,375.0,156.5,180.0,7.4,3.9,48.3,False,,,,,,,False
19529693601,Evening Run,Run,2013-05-01T01:28:24Z,3.21,00:30:34,00:32:44,211.94,09:31,571.0,06:58,418.0,157.3,177.0,13.5,4.4,28.3,False,,,,,,,False
19529693582,Morning Run,Run,2013-04-26T16:45:37Z,3.03,00:29:10,00:39:27,226.05,09:38,578.0,06:23,383.0,,,,,,False,,,,,,,False
19529693588,Evening Run,Run,2013-04-24T01:09:34Z,2.63,00:26:08,00:45:42,239.5,09:56,596.0,07:58,478.0,154.6,179.0,34.5,15.8,29.9,False,,,,,,,False
19529693603,Evening Run,Run,2013-04-04T01:25:53Z,3.02,00:30:22,02:57:34,229.66,10:02,602.0,06:05,365.0,165.3,181.0,0.3,0.6,177.0,False,,,,,,,False
19529693596,Afternoon Run,Run,2012-12-19T00:33:03Z,3.19,00:37:15,00:38:27,218.83,11:40,700.0,07:44,464.0,147.6,164.0,15.1,5.8,32.6,False,,,,,,,False
2582675910,Running,Run,2012-10-16T00:28:22Z,2.03,0:20:37,0:20:37,0.0,10:10,610.0,4:58,298.0,,,,,,False,,,,,,,False
2582675980,Running,Run,2012-10-05T00:39:03Z,4.21,0:43:15,0:43:15,0.0,10:16,616.0,5:35,335.0,,,,,,False,,,,,,,False
2582675967,Running,Run,2012-10-04T01:30:25Z,2.8,0:28:25,0:28:25,0.0,10:09,609.0,6:42,402.0,,,,,,False,,,,,,,False
2582675954,Running,Run,2012-10-02T01:46:46Z,3.14,0:34:22,0:34:22,0.0,10:57,657.0,5:49,349.0,,,,,,False,,,,,,,False
2582675966,Running,Run,2012-09-25T02:13:37Z,2.05,0:21:18,0:21:18,0.0,10:24,624.0,7:03,423.0,,,,,,False,,,,,,,False
2582676074,Running,Run,2012-09-24T00:16:39Z,5.01,0:51:50,0:51:50,0.0,10:21,621.0,6:05,365.0,,,,,,False,,,,,,,False
2582675989,Running,Run,2012-09-13T22:10:26Z,3.01,0:29:58,0:29:58,0.0,9:57,597.0,5:28,328.0,,,,,,False,,,,,,,False
2582676035,Running,Run,2012-09-12T02:20:15Z,2.01,0:20:51,0:20:51,0.0,10:23,623.0,5:42,342.0,,,,,,False,,,,,,,False
2582676020,Running,Run,2012-09-11T02:17:04Z,1.31,0:14:14,0:14:14,0.0,10:54,654.0,5:42,342.0,,,,,,False,,,,,,,False
2582676026,Running,Run,2012-09-11T02:09:47Z,0.36,0:03:44,0:03:44,0.0,10:20,620.0,6:23,383.0,,,,,,False,,,,,,,False
2582676064,Running,Run,2012-09-07T22:18:10Z,3.0,0:33:01,0:33:01,0.0,11:00,660.0,6:05,365.0,,,,,,False,,,,,,,False
2582676085,Running,Run,2012-09-04T01:22:50Z,2.0,0:20:26,0:20:26,0.0,10:13,613.0,5:49,349.0,,,,,,False,,,,,,,False
2582676081,Running,Run,2012-06-19T14:30:38Z,3.27,0:33:48,0:33:48,0.0,10:19,619.0,7:03,423.0,,,,,,False,,,,,,,False
2582676066,Running,Run,2012-06-17T01:34:12Z,3.23,0:34:05,0:34:05,0.0,10:32,632.0,6:23,383.0,,,,,,False,,,,,,,False
2582676088,Running,Run,2012-06-02T00:53:49Z,2.67,0:27:50,0:27:50,0.0,10:25,625.0,6:32,392.0,,,,,,False,,,,,,,False
2582676098,Running,Run,2012-04-04T02:39:17Z,2.45,0:28:42,0:28:42,0.0,11:43,703.0,8:07,487.0,,,,,,False,,,,,,,False
2582676101,Running,Run,2012-04-03T02:03:20Z,2.74,0:30:49,0:30:49,0.0,11:15,675.0,6:32,392.0,,,,,,False,,,,,,,False
2582676124,Running,Run,2012-04-01T01:49:34Z,2.75,0:30:53,0:30:53,0.0,11:12,672.0,7:14,434.0,,,,,,False,,,,,,,False
2582676140,Running,Run,2012-03-31T00:47:08Z,2.62,0:26:39,0:26:39,0.0,10:10,610.0,6:23,383.0,,,,,,False,,,,,,,False
2582676176,Running,Run,2012-03-27T02:35:53Z,2.73,0:28:41,0:28:41,0.0,10:30,630.0,7:53,473.0,,,,,,False,,,,,,,False
2582676155,Running,Run,2012-03-26T01:32:08Z,0.69,0:07:18,0:07:18,0.0,10:31,631.0,9:34,574.0,,,,,,False,,,,,,,False
2582676173,Running,Run,2012-03-16T02:40:10Z,3.07,0:40:32,0:40:32,0.0,13:11,791.0,7:39,459.0,,,,,,False,,,,,,,False
2582676175,Running,Run,2012-03-12T01:53:35Z,3.08,0:36:43,0:36:43,0.0,11:55,715.0,9:14,554.0,,,,,,False,,,,,,,False
2582676169,Running,Run,2012-02-04T01:20:31Z,3.26,0:33:15,0:33:15,0.0,10:11,611.0,8:22,502.0,,,,,,False,,,,,,,False
2582676170,Running,Run,2012-02-03T02:14:29Z,3.23,0:33:08,0:33:08,0.0,10:16,616.0,8:39,519.0,,,,,,False,,,,,,,False
2582676238,Running,Run,2012-01-11T02:20:32Z,3.23,0:30:45,0:30:45,0.0,9:31,571.0,7:53,473.0,,,,,,False,,,,,,,False
2582676235,Running,Run,2012-01-08T22:45:54Z,6.59,1:07:59,1:07:59,0.0,10:18,618.0,4:28,268.0,,,,,,False,,,,,,,False
2582676233,Running,Run,2010-03-04T01:30:39Z,3.35,0:30:10,0:30:10,0.0,9:00,540.0,6:52,412.0,,,,,,False,,,,,,,False
2582676243,Running,Run,2009-10-28T21:45:57Z,3.47,0:31:10,0:31:10,0.0,8:59,539.0,7:27,447.0,,,,,,False,,,,,,,False
2582676274,Running,Run,2009-10-16T01:01:02Z,3.94,0:34:50,0:34:50,0.0,8:50,530.0,6:52,412.0,,,,,,False,,,,,,,False
2582676237,Running,Run,2009-10-08T22:26:01Z,5.59,0:50:00,0:50:00,0.0,8:56,536.0,7:03,423.0,,,,,,False,,,,,,,False
2582676256,Running,Run,2009-10-07T02:28:42Z,5.09,0:41:00,0:41:00,0.0,8:03,483.0,6:42,402.0,,,,,,False,,,,,,,False
2582676302,Running,Run,2009-10-04T19:22:22Z,5.35,0:45:40,0:45:40,0.0,8:31,511.0,6:23,383.0,,,,,,False,,,,,,,False
2582676315,Running,Run,2009-09-29T14:54:30Z,5.01,0:42:30,0:42:30,0.0,8:28,508.0,7:27,447.0,,,,,,False,,,,,,,False
2582676287,Running,Run,2009-09-25T00:54:42Z,5.54,0:48:20,0:48:20,0.0,8:43,523.0,7:14,434.0,,,,,,False,,,,,,,False
2582676297,Running,Run,2009-09-14T21:49:38Z,5.31,0:48:30,0:48:30,0.0,9:08,548.0,8:07,487.0,,,,,,False,,,,,,,False
2582676333,Running,Run,2009-09-12T16:57:32Z,5.01,0:53:10,0:53:10,0.0,10:37,637.0,7:39,459.0,,,,,,False,,,,,,,False
2582676384,Running,Run,2009-09-09T19:23:35Z,1.47,0:13:30,0:13:30,0.0,9:09,549.0,6:42,402.0,,,,,,False,,,,,,,False
2582676355,Running,Run,2009-09-09T18:54:22Z,2.75,0:24:00,0:24:00,0.0,8:44,524.0,7:03,423.0,,,,,,False,,,,,,,False
2582676328,Running,Run,2009-09-08T22:11:02Z,3.29,0:40:30,0:40:30,0.0,12:18,738.0,6:52,412.0,,,,,,False,,,,,,,False
2582676389,Running,Run,2009-09-07T16:58:51Z,5.87,0:57:10,0:57:10,0.0,9:43,583.0,7:14,434.0,,,,,,False,,,,,,,False
2582676406,Running,Run,2009-09-01T23:11:52Z,7.01,1:01:20,1:01:20,0.0,8:45,525.0,7:27,447.0,,,,,,False,,,,,,,False
2582676409,Running,Run,2009-08-29T01:06:43Z,5.42,0:56:00,0:56:00,0.0,10:20,620.0,7:03,423.0,,,,,,False,,,,,,,False
2582676393,Running,Run,2009-08-27T23:51:14Z,2.57,0:26:10,0:26:10,0.0,10:11,611.0,7:39,459.0,,,,,,False,,,,,,,False
2582676444,Running,Run,2009-07-30T11:12:10Z,2.19,0:20:50,0:20:50,0.0,9:30,570.0,7:27,447.0,,,,,,False,,,,,,,False
2582676446,Running,Run,2009-07-28T10:41:05Z,4.0,0:33:40,0:33:40,0.0,8:24,504.0,6:52,412.0,,,,,,False,,,,,,,False
2582676410,Running,Run,2009-07-28T00:09:18Z,0.66,0:05:50,0:05:50,0.0,8:48,528.0,7:53,473.0,,,,,,False,,,,,,,False
2582676418,Running,Run,2009-07-12T12:20:57Z,12.51,1:54:07,1:54:07,0.0,9:07,547.0,4:15,255.0,,,,,,False,,,,,,,False
2582676421,Running,Run,2009-07-11T13:38:33Z,6.01,0:53:00,0:53:00,0.0,8:49,529.0,7:03,423.0,,,,,,False,,,,,,,False
2582676460,Running,Run,2009-07-08T10:45:46Z,5.01,0:46:30,0:46:30,0.0,9:17,557.0,6:52,412.0,,,,,,False,,,,,,,False
2582676445,Running,Run,2009-07-05T18:45:47Z,5.0,0:44:30,0:44:30,0.0,8:54,534.0,7:39,459.0,,,,,,False,,,,,,,False
2582676457,Running,Run,2009-07-03T13:24:00Z,10.0,1:24:25,1:24:25,0.0,8:26,506.0,4:07,247.0,,,,,,False,,,,,,,False
2582676448,Running,Run,2009-06-29T20:52:25Z,5.01,0:42:50,0:42:50,0.0,8:33,513.0,6:32,392.0,,,,,,False,,,,,,,False
2582676527,Running,Run,2009-06-27T15:36:00Z,5.2,0:49:10,0:49:10,0.0,9:27,567.0,8:07,487.0,,,,,,False,,,,,,,False
2582676479,Running,Run,2009-06-24T11:33:16Z,8.83,1:17:40,1:17:40,0.0,8:47,527.0,6:42,402.0,,,,,,False,,,,,,,False
2582676554,Running,Run,2009-06-22T22:03:45Z,5.24,0:44:30,0:44:30,0.0,8:29,509.0,7:14,434.0,,,,,,False,,,,,,,False
2582676539,Running,Run,2009-06-20T20:46:32Z,4.98,0:43:20,0:43:20,0.0,8:42,522.0,7:03,423.0,,,,,,False,,,,,,,False
2582676548,Running,Run,2009-06-15T16:14:53Z,3.31,0:28:50,0:28:50,0.0,8:42,522.0,7:03,423.0,,,,,,False,,,,,,,False
2582676615,Running,Run,2009-06-13T16:32:10Z,5.86,0:51:40,0:51:40,0.0,8:49,529.0,7:03,423.0,,,,,,False,,,,,,,False
2582676584,Running,Run,2009-06-12T14:29:17Z,5.21,0:44:00,0:44:00,0.0,8:26,506.0,7:27,447.0,,,,,,False,,,,,,,False
2582676553,Running,Run,2009-06-05T12:38:10Z,3.01,0:25:10,0:25:10,0.0,8:21,501.0,6:23,383.0,,,,,,False,,,,,,,False
2582676583,Running,Run,2009-06-02T22:54:56Z,3.44,0:30:00,0:30:00,0.0,8:43,523.0,7:39,459.0,,,,,,False,,,,,,,False
2582676623,Run To Remember 2009,Run,2009-05-24T12:05:29Z,13.78,1:53:48,1:53:48,0.0,8:15,495.0,4:07,247.0,,,,,,True,Half,,,,,,False
2582676634,Running,Run,2009-05-23T16:36:28Z,1.5,0:13:00,0:13:00,0.0,8:38,518.0,7:27,447.0,,,,,,False,,,,,,,False
2582676632,Running,Run,2009-05-20T11:25:17Z,3.0,0:24:20,0:24:20,0.0,8:07,487.0,7:03,423.0,,,,,,False,,,,,,,False
2582676636,Running,Run,2009-05-16T14:23:14Z,10.01,1:24:25,1:24:25,0.0,8:26,506.0,4:15,255.0,,,,,,False,,,,,,,False
2582676662,Running,Run,2009-05-10T20:25:30Z,7.03,1:00:10,1:00:10,0.0,8:33,513.0,6:32,392.0,,,,,,False,,,,,,,False
2582676659,Running,Run,2009-05-05T10:48:32Z,3.07,0:25:10,0:25:10,0.0,8:11,491.0,7:03,423.0,,,,,,False,,,,,,,False
2582676685,Running,Run,2009-05-03T15:48:18Z,4.88,0:40:10,0:40:10,0.0,8:13,493.0,6:32,392.0,,,,,,False,,,,,,,False
2582676686,Running,Run,2009-04-29T11:29:17Z,2.15,0:17:30,0:17:30,0.0,8:09,489.0,6:05,365.0,,,,,,False,,,,,,,False
2582676695,Running,Run,2009-04-29T11:21:51Z,0.9,0:07:10,0:07:10,0.0,7:59,479.0,7:03,423.0,,,,,,False,,,,,,,False
2582676697,Running,Run,2009-04-14T22:43:31Z,4.02,0:33:40,0:33:40,0.0,8:22,502.0,7:03,423.0,,,,,,False,,,,,,,False
2582676719,Running,Run,2009-02-26T00:01:21Z,4.02,0:33:10,0:33:10,0.0,8:15,495.0,7:03,423.0,,,,,,False,,,,,,,False
2582676716,Running,Run,2009-02-21T16:55:21Z,4.17,0:35:30,0:35:30,0.0,8:30,510.0,6:14,374.0,,,,,,False,,,,,,,False
2582676759,Running,Run,2009-02-08T19:52:30Z,7.12,1:00:40,1:00:40,0.0,8:31,511.0,7:03,423.0,,,,,,False,,,,,,,False
2582676745,Running,Run,2008-11-05T12:32:49Z,3.98,0:34:00,0:34:00,0.0,8:32,512.0,7:27,447.0,,,,,,False,,,,,,,False
2582676777,Running,Run,2008-11-02T20:51:04Z,3.94,0:33:20,0:33:20,0.0,8:28,508.0,5:57,357.0,,,,,,False,,,,,,,False
2582676743,Running,Run,2008-10-13T20:29:52Z,4.34,0:38:00,0:38:00,0.0,8:45,525.0,6:14,374.0,,,,,,False,,,,,,,False
2582676751,Running,Run,2008-09-30T18:07:56Z,2.32,0:20:30,0:20:30,0.0,8:50,530.0,7:27,447.0,,,,,,False,,,,,,,False
2582676779,Running,Run,2008-09-22T23:08:43Z,4.92,0:41:10,0:41:10,0.0,8:22,502.0,6:42,402.0,,,,,,False,,,,,,,False
2582676782,Running,Run,2008-09-15T23:02:55Z,4.8,0:43:40,0:43:40,0.0,9:05,545.0,7:14,434.0,,,,,,False,,,,,,,False
2582676811,Running,Run,2008-09-13T23:10:42Z,6.2,0:52:30,0:52:30,0.0,8:27,507.0,6:32,392.0,,,,,,False,,,,,,,False
2582676792,Running,Run,2008-09-07T23:12:31Z,3.69,0:32:30,0:32:30,0.0,8:47,527.0,6:52,412.0,,,,,,False,,,,,,,False
2582676840,Running,Run,2008-08-13T11:59:47Z,4.62,0:43:20,0:43:20,0.0,9:23,563.0,7:14,434.0,,,,,,False,,,,,,,False
2582676821,Running,Run,2008-05-21T11:32:00Z,5.22,0:45:10,0:45:10,0.0,8:39,519.0,7:03,423.0,,,,,,False,,,,,,,False
2582676838,Running,Run,2008-05-16T11:35:47Z,5.31,0:51:20,0:51:20,0.0,9:39,579.0,6:42,402.0,,,,,,False,,,,,,,False
2582676827,Running,Run,2008-03-24T22:19:07Z,1.68,0:15:50,0:15:50,0.0,9:24,564.0,6:14,374.0,,,,,,False,,,,,,,False
2582676871,Running,Run,2008-03-16T18:54:31Z,0.72,0:10:00,0:10:00,0.0,13:51,831.0,7:39,459.0,,,,,,False,,,,,,,False
2582676881,Running,Run,2008-03-15T21:14:53Z,5.11,0:41:20,0:41:20,0.0,8:05,485.0,5:57,357.0,,,,,,False,,,,,,,False
2582676864,Running,Run,2008-03-14T20:56:07Z,5.14,0:42:40,0:42:40,0.0,8:17,497.0,7:14,434.0,,,,,,False,,,,,,,False
2582676879,Running,Run,2008-03-11T21:39:29Z,15.91,2:25:27,2:25:27,0.0,9:08,548.0,4:23,263.0,,,,,,False,,,,,,,False
2582676868,Running,Run,2008-03-06T12:42:43Z,7.28,1:01:30,1:01:30,0.0,8:26,506.0,6:32,392.0,,,,,,False,,,,,,,False
2582676931,Running,Run,2008-03-02T20:09:23Z,5.37,0:46:10,0:46:10,0.0,8:35,515.0,7:14,434.0,,,,,,False,,,,,,,False
2582676889,Running,Run,2008-03-01T16:57:51Z,5.14,0:43:50,0:43:50,0.0,8:31,511.0,6:32,392.0,,,,,,False,,,,,,,False
2582676948,Running,Run,2008-02-27T12:09:41Z,5.35,0:44:00,0:44:00,0.0,8:13,493.0,7:14,434.0,,,,,,False,,,,,,,False
2582676975,Running,Run,2008-02-24T20:45:17Z,12.47,1:44:09,1:44:09,0.0,8:21,501.0,4:11,251.0,,,,,,False,,,,,,,False
2582676963,Running,Run,2008-02-19T12:12:44Z,3.86,0:37:30,0:37:30,0.0,9:43,583.0,6:14,374.0,,,,,,False,,,,,,,False
2582676965,Running,Run,2008-02-14T21:24:34Z,1.93,0:17:10,0:17:10,0.0,8:54,534.0,7:03,423.0,,,,,,False,,,,,,,False
2582677021,Running,Run,2008-02-14T20:39:31Z,5.18,0:44:20,0:44:20,0.0,8:33,513.0,6:23,383.0,,,,,,False,,,,,,,False
2582677029,Running,Run,2008-02-09T20:58:55Z,7.25,1:00:40,1:00:40,0.0,8:21,501.0,6:32,392.0,,,,,,False,,,,,,,False
2582677019,Running,Run,2008-02-06T12:03:22Z,5.33,0:45:50,0:45:50,0.0,8:36,516.0,6:42,402.0,,,,,,False,,,,,,,False
2582677037,Running,Run,2008-01-30T12:13:55Z,3.6,0:31:10,0:31:10,0.0,8:38,518.0,7:27,447.0,,,,,,False,,,,,,,False
2582677057,Running,Run,2008-01-25T12:23:11Z,3.06,0:27:30,0:27:30,0.0,9:00,540.0,7:14,434.0,,,,,,False,,,,,,,False
2582677008,Running,Run,2007-12-25T20:03:56Z,5.83,0:50:10,0:50:10,0.0,8:36,516.0,5:57,357.0,,,,,,False,,,,,,,False
2582677054,Running,Run,2007-12-12T20:10:39Z,3.44,0:27:40,0:27:40,0.0,8:02,482.0,6:52,412.0,,,,,,False,,,,,,,False
2582677038,Running,Run,2007-12-11T20:24:08Z,6.76,0:56:20,0:56:20,0.0,8:20,500.0,6:32,392.0,,,,,,False,,,,,,,False
2582677101,Running,Run,2007-12-07T18:54:58Z,6.5,0:53:00,0:53:00,0.0,8:08,488.0,6:23,383.0,,,,,,False,,,,,,,False
2582677096,Running,Run,2007-12-02T20:34:54Z,5.19,0:42:30,0:42:30,0.0,8:11,491.0,6:32,392.0,,,,,,False,,,,,,,False
2582677109,Running,Run,2007-12-01T20:50:28Z,5.35,0:44:10,0:44:10,0.0,8:15,495.0,7:03,423.0,,,,,,False,,,,,,,False
2582677085,Running,Run,2007-11-27T12:32:07Z,3.41,0:28:00,0:28:00,0.0,8:12,492.0,6:14,374.0,,,,,,False,,,,,,,False
2582677117,Running,Run,2007-11-21T12:31:25Z,5.35,0:43:40,0:43:40,0.0,8:09,489.0,6:32,392.0,,,,,,False,,,,,,,False
2582677144,Running,Run,2007-11-15T12:02:29Z,2.73,0:26:10,0:26:10,0.0,9:34,574.0,6:05,365.0,,,,,,False,,,,,,,False
2582677152,Running,Run,2007-11-14T11:25:27Z,5.08,0:40:00,0:40:00,0.0,7:52,472.0,6:14,374.0,,,,,,False,,,,,,,False
2582677139,Running,Run,2007-11-09T12:31:57Z,5.19,0:41:40,0:41:40,0.0,8:01,481.0,6:23,383.0,,,,,,False,,,,,,,False
2582677206,Running,Run,2007-11-07T12:23:10Z,5.26,0:43:40,0:43:40,0.0,8:18,498.0,6:42,402.0,,,,,,False,,,,,,,False
2582677149,Running,Run,2007-11-02T12:21:14Z,3.53,0:32:20,0:32:20,0.0,9:09,549.0,6:14,374.0,,,,,,False,,,,,,,False
2582677175,Running,Run,2007-10-16T20:19:12Z,4.74,0:38:20,0:38:20,0.0,8:05,485.0,6:32,392.0,,,,,,False,,,,,,,False
2582677253,Running,Run,2007-10-15T11:29:10Z,3.18,0:28:00,0:28:00,0.0,8:48,528.0,6:32,392.0,,,,,,False,,,,,,,False
2582677202,Running,Run,2007-10-02T22:43:54Z,6.92,0:56:10,0:56:10,0.0,8:06,486.0,7:03,423.0,,,,,,False,,,,,,,False
2582677207,Running,Run,2007-09-30T21:41:59Z,10.99,1:31:30,1:31:30,0.0,8:19,499.0,7:39,459.0,,,,,,False,,,,,,,False
2582677221,Running,Run,2007-09-28T21:47:28Z,3.67,0:29:30,0:29:30,0.0,8:02,482.0,5:35,335.0,,,,,,False,,,,,,,False
2582677234,Running,Run,2007-09-25T23:15:42Z,3.09,0:31:50,0:31:50,0.0,10:18,618.0,6:05,365.0,,,,,,False,,,,,,,False
2582677227,Running,Run,2007-09-24T22:26:22Z,4.99,0:41:00,0:41:00,0.0,8:12,492.0,6:32,392.0,,,,,,False,,,,,,,False
2582677237,Running,Run,2007-09-23T12:34:07Z,2.04,0:17:10,0:17:10,0.0,8:23,503.0,7:03,423.0,,,,,,False,,,,,,,False
2582677308,Running,Run,2007-09-16T22:58:30Z,4.07,0:33:00,0:33:00,0.0,8:06,486.0,6:42,402.0,,,,,,False,,,,,,,False
2582677265,Running,Run,2007-09-15T20:53:19Z,7.99,1:06:00,1:06:00,0.0,8:15,495.0,6:23,383.0,,,,,,False,,,,,,,False
2582677266,Running,Run,2007-09-13T11:25:54Z,2.07,0:15:00,0:15:00,0.0,7:15,435.0,5:49,349.0,,,,,,False,,,,,,,False
2582677340,Running,Run,2007-09-06T22:10:12Z,5.38,0:43:30,0:43:30,0.0,8:05,485.0,6:52,412.0,,,,,,False,,,,,,,False
2582677332,Running,Run,2007-09-02T23:46:48Z,3.08,0:25:00,0:25:00,0.0,8:06,486.0,5:57,357.0,,,,,,False,,,,,,,False
2582677296,Running,Run,2007-08-29T22:13:07Z,6.04,0:51:10,0:51:10,0.0,8:27,507.0,5:57,357.0,,,,,,False,,,,,,,False
2582677335,Running,Run,2007-08-26T21:53:26Z,9.76,1:22:30,1:22:30,0.0,8:27,507.0,5:09,309.0,,,,,,False,,,,,,,False
2582677313,Running,Run,2007-08-23T11:26:25Z,4.91,0:38:50,0:38:50,0.0,7:55,475.0,5:57,357.0,,,,,,False,,,,,,,False
2582677345,Running,Run,2007-08-20T22:12:28Z,4.87,0:38:20,0:38:20,0.0,7:52,472.0,6:23,383.0,,,,,,False,,,,,,,False
2582677355,Running,Run,2007-08-17T01:04:16Z,8.45,1:10:10,1:10:10,0.0,8:18,498.0,6:23,383.0,,,,,,False,,,,,,,False
2582677343,Running,Run,2007-08-12T23:08:11Z,6.84,0:56:40,0:56:40,0.0,8:16,496.0,6:52,412.0,,,,,,False,,,,,,,False
2582677346,Running,Run,2007-08-09T22:51:15Z,4.8,0:38:30,0:38:30,0.0,8:01,481.0,6:05,365.0,,,,,,False,,,,,,,False
2582677391,Running,Run,2007-08-06T21:42:15Z,2.43,0:20:10,0:20:10,0.0,8:18,498.0,7:27,447.0,,,,,,False,,,,,,,False
2582677379,Running,Run,2007-08-06T00:31:48Z,6.95,0:57:10,0:57:10,0.0,8:13,493.0,6:42,402.0,,,,,,False,,,,,,,False
2582677380,Running,Run,2007-08-02T10:58:02Z,5.47,0:46:20,0:46:20,0.0,8:27,507.0,6:32,392.0,,,,,,False,,,,,,,False
2582677407,Running,Run,2007-08-01T10:50:51Z,3.6,0:31:00,0:31:00,0.0,8:35,515.0,6:23,383.0,,,,,,False,,,,,,,False
2582677405,Running,Run,2007-07-25T23:16:36Z,3.57,0:33:20,0:33:20,0.0,9:20,560.0,7:03,423.0,,,,,,False,,,,,,,False
2582677431,Running,Run,2007-06-10T20:19:05Z,5.09,0:45:00,0:45:00,0.0,8:50,530.0,5:57,357.0,,,,,,False,,,,,,,False
2582677435,Running,Run,2007-03-13T21:42:49Z,5.01,0:43:20,0:43:20,0.0,8:39,519.0,6:32,392.0,,,,,,False,,,,,,,False
2582677437,Running,Run,2007-03-11T19:27:47Z,4.29,0:38:10,0:38:10,0.0,8:53,533.0,7:14,434.0,,,,,,False,,,,,,,False
